id,action_time,object_id,object_repr,action_flag,change_message,content_type_id,user_id
1,2023-02-01 11:07:41.584406,1,Durham,1,"[{""added"": {}}]",6,1
2,2023-02-01 11:07:47.637140,2,Steel Creek,1,"[{""added"": {}}]",6,1
3,2023-02-01 11:08:54.173269,1,XRF - Surface Qual All,1,"[{""added"": {}}]",18,1
4,2023-02-01 11:09:46.548266,2,Bench,1,"[{""added"": {}}]",18,1
5,2023-02-01 11:11:13.030682,3,Micro,1,"[{""added"": {}}]",18,1
6,2023-02-01 11:12:44.612702,4,XRF - Bulk Quant,1,"[{""added"": {}}]",18,1
7,2023-02-01 11:12:52.791413,1,XRF - Surface Qual All,2,"[{""changed"": {""fields"": [""Location test""]}}]",18,1
8,2023-02-01 11:13:14.011130,5,XRF - Bulk Qual All,1,"[{""added"": {}}]",18,1
9,2023-02-01 11:14:13.459364,1,Quarter Bench-Durham,1,"[{""added"": {}}]",9,1
10,2023-02-01 11:14:50.254284,2,Bench-Steel Creek,1,"[{""added"": {}}]",9,1
11,2023-02-01 11:17:08.598022,1,SO2 Oxidation,1,"[{""added"": {}}]",26,1
12,2023-02-01 11:18:03.077509,2,Hg Oxidation,1,"[{""added"": {}}]",26,1
13,2023-02-01 11:18:29.985709,3,NOx Removal,1,"[{""added"": {}}]",26,1
14,2023-02-01 11:18:44.822621,4,CO Oxidation,1,"[{""added"": {}}]",26,1
15,2023-02-01 11:18:50.953479,5,VOC Oxidation,1,"[{""added"": {}}]",26,1
16,2023-02-01 11:19:37.893902,6,Formaldehyde Removal,1,"[{""added"": {}}]",26,1
17,2023-02-01 11:20:22.392922,6,Formaldehyde Oxidation,2,"[{""changed"": {""fields"": [""Test Type""]}}]",26,1
18,2023-02-01 11:21:12.000341,6,CH2O Oxidation,2,"[{""changed"": {""fields"": [""Test Type""]}}]",26,1
19,2023-02-01 11:21:53.712251,5,XRF - Bulk Qual All,2,[],18,1
20,2023-02-01 11:23:43.939773,1,NO,1,"[{""added"": {}}]",12,1
21,2023-02-01 11:23:48.962233,2,NO2,1,"[{""added"": {}}]",12,1
22,2023-02-01 11:25:25.108684,3,Hg,1,"[{""added"": {}}]",12,1
23,2023-02-01 11:25:43.292271,4,Hg+2,1,"[{""added"": {}}]",12,1
24,2023-02-01 11:25:54.283479,3,Hg,2,"[{""changed"": {""fields"": [""Unit of Measure""]}}]",12,1
25,2023-02-01 11:26:03.178007,5,SO3,1,"[{""added"": {}}]",12,1
26,2023-02-01 11:26:07.168240,6,SO2,1,"[{""added"": {}}]",12,1
27,2023-02-01 11:26:11.421166,7,CO,1,"[{""added"": {}}]",12,1
28,2023-02-01 11:26:27.480733,8,C3H6 (propylene),1,"[{""added"": {}}]",12,1
29,2023-02-01 11:26:38.392839,9,C3H8 (Propane),1,"[{""added"": {}}]",12,1
30,2023-02-01 11:32:22.021627,2,helnerbm,2,"[{""changed"": {""fields"": [""Staff status""]}}]",3,1
31,2023-02-01 11:33:19.512818,1,Lab Managers,1,"[{""added"": {}}]",2,1
32,2023-02-01 11:33:35.238396,2,Account Manager,1,"[{""added"": {}}]",2,1
33,2023-02-01 11:33:46.338001,3,Project Manager,1,"[{""added"": {}}]",2,1
34,2023-02-01 11:34:13.484468,5,carrhl,2,"[{""changed"": {""fields"": [""Groups""]}}]",3,1
35,2023-02-01 11:34:23.193448,3,preddyjg,2,"[{""changed"": {""fields"": [""Groups""]}}]",3,1
36,2023-02-01 11:35:28.586976,10,NH3:NOx Molar Ratio,1,"[{""added"": {}}]",12,1
37,2023-02-01 11:36:14.831095,2,Full Bench-Steel Creek,2,"[{""changed"": {""fields"": [""Reactor Name""]}}]",9,1
38,2023-02-01 11:36:36.655305,3,Full Bench 1-Durham,1,"[{""added"": {}}]",9,1
39,2023-02-01 11:36:48.068387,4,Full Bench 2-Durham,1,"[{""added"": {}}]",9,1
40,2023-02-01 11:37:01.529320,5,Full Bench 2-Durham,1,"[{""added"": {}}]",9,1
41,2023-02-01 11:39:29.265610,6,Hg Porosimetry,1,"[{""added"": {}}]",18,1
42,2023-02-01 11:39:44.430647,7,BET Surface Area,1,"[{""added"": {}}]",18,1
43,2023-02-01 11:40:05.225562,8,Nitrogen Porosimetry,1,"[{""added"": {}}]",18,1
44,2023-02-01 11:40:56.294891,1,Honeycomb,1,"[{""added"": {}}]",31,1
45,2023-02-01 11:41:01.187469,2,Plate,1,"[{""added"": {}}]",31,1
46,2023-02-01 11:41:15.459928,3,Corrugated,1,"[{""added"": {}}]",31,1
47,2023-02-01 11:41:22.700161,4,Powder,1,"[{""added"": {}}]",31,1
48,2023-02-01 11:41:28.718716,5,Liquid,1,"[{""added"": {}}]",31,1
49,2023-02-01 11:41:33.942346,6,Batch,1,"[{""added"": {}}]",31,1
50,2023-02-01 11:42:13.939405,1,Unspecified,1,"[{""added"": {}}]",29,1
51,2023-02-01 11:42:27.571239,2,Trailing Edge,1,"[{""added"": {}}]",29,1
52,2023-02-01 11:42:33.795848,3,Rear,1,"[{""added"": {}}]",29,1
53,2023-02-01 11:42:39.033153,4,Middle,1,"[{""added"": {}}]",29,1
54,2023-02-01 11:42:44.367137,5,Front,1,"[{""added"": {}}]",29,1
55,2023-02-01 11:42:51.527293,6,Leading Edge,1,"[{""added"": {}}]",29,1
56,2023-02-01 11:43:24.140569,1,Leading Edge-Honeycomb,1,"[{""added"": {}}]",32,1
57,2023-02-01 11:43:31.019475,2,Front-Honeycomb,1,"[{""added"": {}}]",32,1
58,2023-02-01 11:43:36.471622,3,Middle-Honeycomb,1,"[{""added"": {}}]",32,1
59,2023-02-01 11:43:41.898380,4,Rear-Honeycomb,1,"[{""added"": {}}]",32,1
60,2023-02-01 11:43:50.030215,5,Trailing Edge-Honeycomb,1,"[{""added"": {}}]",32,1
61,2023-02-01 11:43:58.319277,6,Leading Edge-Plate,1,"[{""added"": {}}]",32,1
62,2023-02-01 11:44:04.762636,7,Front-Plate,1,"[{""added"": {}}]",32,1
63,2023-02-01 11:44:10.752869,8,Middle-Plate,1,"[{""added"": {}}]",32,1
64,2023-02-01 11:44:16.170834,9,Rear-Plate,1,"[{""added"": {}}]",32,1
65,2023-02-01 11:44:22.286068,10,Trailing Edge-Plate,1,"[{""added"": {}}]",32,1
66,2023-02-01 11:44:29.977474,11,Unspecified-Honeycomb,1,"[{""added"": {}}]",32,1
67,2023-02-01 11:44:35.544857,12,Unspecified-Plate,1,"[{""added"": {}}]",32,1
68,2023-02-01 11:44:41.751888,13,Unspecified-Batch,1,"[{""added"": {}}]",32,1
69,2023-02-01 11:44:50.696223,14,Unspecified-Liquid,1,"[{""added"": {}}]",32,1
70,2023-02-01 11:44:59.890559,15,Unspecified-Powder,1,"[{""added"": {}}]",32,1
71,2023-02-01 11:46:00.238211,16,Leading Edge-Corrugated,1,"[{""added"": {}}]",32,1
72,2023-02-01 11:46:05.538992,17,Front-Corrugated,1,"[{""added"": {}}]",32,1
73,2023-02-01 11:46:11.417898,18,Middle-Corrugated,1,"[{""added"": {}}]",32,1
74,2023-02-01 11:46:15.676686,19,Rear-Corrugated,1,"[{""added"": {}}]",32,1
75,2023-02-01 11:46:23.589772,20,Trailing Edge-Corrugated,1,"[{""added"": {}}]",32,1
76,2023-02-01 11:46:29.858325,21,Unspecified-Corrugated,1,"[{""added"": {}}]",32,1
77,2023-02-24 17:15:03.390887,1,Corrugated-Bench,1,"[{""added"": {}}]",17,1
78,2023-02-24 17:15:21.934831,2,Honeycomb-Bench,1,"[{""added"": {}}]",17,1
79,2023-02-24 17:15:29.017839,3,Plate-Bench,1,"[{""added"": {}}]",17,1
80,2023-02-24 17:15:35.552995,4,Corrugated-Micro,1,"[{""added"": {}}]",17,1
81,2023-02-24 17:15:46.571548,5,Honeycomb-Micro,1,"[{""added"": {}}]",17,1
82,2023-02-24 17:15:55.327407,6,Plate-Micro,1,"[{""added"": {}}]",17,1
83,2023-02-24 17:16:04.678969,7,Corrugated-XRF - Surface Qual All,1,"[{""added"": {}}]",17,1
84,2023-02-24 17:16:12.886000,8,Honeycomb-XRF - Surface Qual All,1,"[{""added"": {}}]",17,1
85,2023-02-24 17:16:23.145765,9,Plate-XRF - Surface Qual All,1,"[{""added"": {}}]",17,1
86,2023-02-24 17:16:31.872327,10,Batch-XRF - Bulk Quant,1,"[{""added"": {}}]",17,1
87,2023-02-24 17:16:38.570569,11,Corrugated-XRF - Bulk Quant,1,"[{""added"": {}}]",17,1
88,2023-02-24 17:16:46.217053,12,Honeycomb-XRF - Bulk Quant,1,"[{""added"": {}}]",17,1
89,2023-02-24 17:17:04.480724,13,Plate-XRF - Bulk Quant,1,"[{""added"": {}}]",17,1
90,2023-02-24 17:17:11.811778,14,Powder-XRF - Bulk Quant,1,"[{""added"": {}}]",17,1
91,2023-02-24 17:17:23.555918,15,Batch-XRF - Bulk Qual All,1,"[{""added"": {}}]",17,1
92,2023-02-24 17:17:32.219004,16,Corrugated-XRF - Bulk Qual All,1,"[{""added"": {}}]",17,1
93,2023-02-24 17:17:40.381113,17,Honeycomb-XRF - Bulk Qual All,1,"[{""added"": {}}]",17,1
94,2023-02-24 17:17:48.590097,18,Plate-XRF - Bulk Qual All,1,"[{""added"": {}}]",17,1
95,2023-02-24 17:17:55.910409,19,Powder-XRF - Bulk Qual All,1,"[{""added"": {}}]",17,1
96,2023-02-24 17:18:06.113532,20,Corrugated-Hg Porosimetry,1,"[{""added"": {}}]",17,1
97,2023-02-24 17:18:14.351812,21,Honeycomb-Hg Porosimetry,1,"[{""added"": {}}]",17,1
98,2023-02-24 17:18:27.515873,22,Plate-Hg Porosimetry,1,"[{""added"": {}}]",17,1
99,2023-02-24 17:18:36.833254,23,Corrugated-BET Surface Area,1,"[{""added"": {}}]",17,1
100,2023-02-24 17:18:43.510988,24,Honeycomb-BET Surface Area,1,"[{""added"": {}}]",17,1
101,2023-02-24 17:18:53.012940,25,Plate-BET Surface Area,1,"[{""added"": {}}]",17,1
102,2023-02-24 17:19:00.126220,26,Powder-BET Surface Area,1,"[{""added"": {}}]",17,1
103,2023-02-24 17:19:10.052977,27,Corrugated-Nitrogen Porosimetry,1,"[{""added"": {}}]",17,1
104,2023-02-24 17:19:17.338132,28,Honeycomb-Nitrogen Porosimetry,1,"[{""added"": {}}]",17,1
105,2023-02-24 17:19:26.922115,29,Plate-Nitrogen Porosimetry,1,"[{""added"": {}}]",17,1
106,2023-02-24 17:19:33.926997,30,Powder-Nitrogen Porosimetry,1,"[{""added"": {}}]",17,1
107,2023-06-13 12:04:58.012028,3,Rumford,3,,27,1
108,2023-06-13 12:05:08.977014,3,None-2023-03-01,3,,33,1
109,2023-06-13 12:05:33.651161,2,Westlake,3,,27,1
110,2023-06-13 12:05:43.557506,2,None-2023-03-01,3,,33,1
111,2023-06-13 12:12:54.847447,4,Cove Pt,3,,27,1
112,2023-06-13 12:13:04.023289,4,None-2023-06-12,3,,33,1
113,2023-06-21 11:10:54.673996,11,H2O,1,"[{""added"": {}}]",12,1
114,2023-06-21 11:11:04.509807,11,H2O,3,,12,1
115,2023-07-28 16:43:15.872771,16,Montana Power Station-Unit 1-2023-07-27,2,"[{""changed"": {""fields"": [""Facility"", ""Unit""]}}]",33,1
116,2023-07-28 16:45:14.432336,27,2711-1209-0599,2,"[{""changed"": {""fields"": [""Facility"", ""Unit""]}}]",28,1
117,2023-08-14 12:22:16.948353,25,EIF Channelview Cogeneration-Unit 3-2023-08-11,2,"[{""changed"": {""fields"": [""Facility"", ""Unit""]}}]",33,1
118,2023-09-06 11:12:23.076429,5,Full Bench 3-Durham,2,"[{""changed"": {""fields"": [""Reactor Name""]}}]",9,1
119,2023-09-27 15:31:41.824199,30,BASF Total Petrochemicals and Refining-Port Arthur-B-7290-2023-09-13,2,"[{""changed"": {""fields"": [""Unit""]}}]",33,1
120,2023-09-27 15:32:02.248364,43,4345-0101-0981,2,"[{""changed"": {""fields"": [""Unit""]}}]",28,1
121,2023-10-09 14:34:33.800978,37,37-2706 Jamaica Bay NOx Removal-NOx Removal,2,"[{""changed"": {""fields"": [""Test Start Time"", ""Test Stop Time""]}}]",13,1
122,2023-10-09 14:36:48.226625,35,35-Protest CGL1-NOx Removal,2,"[{""changed"": {""fields"": [""Test Start Time"", ""Test Stop Time""]}}]",13,1
123,2023-10-09 14:37:19.027693,34,34-Protest CGL1-NOx Removal,2,"[{""changed"": {""fields"": [""Test Start Time"", ""Test Stop Time""]}}]",13,1
124,2023-10-09 14:38:16.267839,2,"2-2nd temperature, 5-layer CO ox + DeNOx-NOx Removal",2,"[{""changed"": {""fields"": [""Test Start Time"", ""Test Stop Time""]}}]",13,1
125,2023-10-09 14:38:37.099258,33,33-Channelview 341-NOx Removal,2,"[{""changed"": {""fields"": [""Test Start Time"", ""Test Stop Time""]}}]",13,1
126,2023-10-09 14:39:19.134535,1,1-5 Layer test for both CO ox and deNOx-NOx Removal,2,"[{""changed"": {""fields"": [""Test Start Time"", ""Test Stop Time""]}}]",13,1
127,2023-10-09 14:40:26.632537,32,32-Lawrenceburg (Lightstone)-NOx Removal,2,"[{""changed"": {""fields"": [""Test Start Time"", ""Test Stop Time"", ""Test Order""]}}]",13,1
128,2023-10-09 14:42:23.930804,24,24-Colusa Unit 2-NOx Removal,2,"[{""changed"": {""fields"": [""Test Start Time"", ""Test Stop Time""]}}]",13,1
129,2023-10-09 14:43:53.373740,17,17-Montana 1-NOx Removal,2,"[{""changed"": {""fields"": [""Test Start Time"", ""Test Stop Time""]}}]",13,1
130,2023-10-09 14:44:21.626931,15,15-PCN 4288 Port Arthur H-1000 (BASF)-NOx Removal,2,"[{""changed"": {""fields"": [""Test Start Time"", ""Test Stop Time""]}}]",13,1
131,2023-10-09 14:45:13.931790,6,6-Pro-Tec CGL1 F1&F2-NOx Removal,2,"[{""changed"": {""fields"": [""Test Start Time"", ""Test Stop Time""]}}]",13,1
132,2023-10-09 14:45:24.152362,5,5-Pro-Tec CGL1 F1&F2-NOx Removal,2,"[{""changed"": {""fields"": [""Test Start Time"", ""Test Stop Time""]}}]",13,1
133,2023-10-09 14:45:47.861200,3,3-Pro-Tec CGL1 F1&F2-NOx Removal,2,"[{""changed"": {""fields"": [""Test Start Time"", ""Test Stop Time""]}}]",13,1
134,2023-10-09 14:45:59.081131,36,36-Port Arthur B-7280-NOx Removal,2,"[{""changed"": {""fields"": [""Test Start Time"", ""Test Stop Time""]}}]",13,1
135,2023-10-09 14:46:37.072401,29,29-Sriracha-NOx Removal,2,"[{""changed"": {""fields"": [""Test Start Time"", ""Test Stop Time""]}}]",13,1
136,2023-10-09 14:46:48.369645,16,16-Torrance 2F4-NOx Removal,2,"[{""changed"": {""fields"": [""Test Start Time"", ""Test Stop Time""]}}]",13,1
137,2023-10-09 14:47:48.595329,18,18-Beaumont 41 42 43-NOx Removal,2,"[{""changed"": {""fields"": [""Test Start Time"", ""Test Stop Time""]}}]",13,1
138,2023-10-09 14:48:50.879229,38,38-Santan 5A/B and 6-NOx Removal,2,"[{""changed"": {""fields"": [""Test Start Time"", ""Test Stop Time""]}}]",13,1
139,2023-10-23 14:23:44.432053,57,4884-0101-0431,2,"[{""changed"": {""fields"": [""Sample""]}}]",8,1
140,2023-10-23 14:27:14.044726,56,4884-0101-0431,2,"[{""changed"": {""fields"": [""Sample"", ""Available cells""]}}]",11,1
141,2023-10-23 14:29:27.545073,28,XRF - Surface Qual All-4884-0101-0431 Rear,2,"[{""changed"": {""fields"": [""Sample""]}}]",25,1
142,2023-10-23 14:29:41.704326,27,XRF - Surface Qual All-4884-0101-0431 Front,2,"[{""changed"": {""fields"": [""Sample""]}}]",25,1
143,2023-10-23 14:31:44.799190,28,XRF - Surface Qual All-SHIN-D-23-1017 Rear,2,"[{""changed"": {""fields"": [""Sample""]}}]",25,1
144,2023-10-23 14:32:03.207579,27,XRF - Surface Qual All-SHIN-D-23-1017 Front,2,"[{""changed"": {""fields"": [""Sample""]}}]",25,1
145,2023-10-23 14:33:07.243069,22,XRF - Surface Qual All-4884-0101-0431 Rear,2,"[{""changed"": {""fields"": [""Sample""]}}]",25,1
146,2023-10-23 14:33:18.352450,21,XRF - Surface Qual All-4884-0101-0431 Front,2,"[{""changed"": {""fields"": [""Sample""]}}]",25,1
147,2023-10-23 14:33:26.883704,20,XRF - Bulk Quant-4884-0101-0431 Rear,2,"[{""changed"": {""fields"": [""Sample""]}}]",25,1
148,2023-10-23 14:33:47.588318,19,XRF - Bulk Quant-4884-0101-0431 Front,2,"[{""changed"": {""fields"": [""Sample""]}}]",25,1
149,2023-10-23 14:33:57.917165,18,XRF - Bulk Qual All-4884-0101-0431 Rear,2,"[{""changed"": {""fields"": [""Sample""]}}]",25,1
150,2023-10-23 14:34:04.667172,17,XRF - Bulk Qual All-4884-0101-0431 Front,2,"[{""changed"": {""fields"": [""Sample""]}}]",25,1
151,2023-11-27 15:53:21.527841,62,FCC Torrence,3,,27,1
152,2023-11-27 15:53:28.123160,62,None-2023-11-13,3,,33,1
153,2023-11-27 15:54:25.115867,58,Mountain Creek,3,,27,1
154,2023-11-27 15:54:36.897314,58,None-2023-11-07,3,,33,1
155,2023-11-27 15:55:26.798964,69,San Joaquin Henrietta,3,,27,1
156,2023-11-27 15:55:32.143391,69,None-2023-11-17,3,,33,1
157,2023-11-27 16:11:12.680335,39,Harbor Cogen Company,3,,27,1
158,2023-11-27 16:11:18.180414,39,None-2023-10-16,3,,33,1
159,2023-11-27 16:12:08.697669,24,Channelview Cogeneration,3,,27,1
160,2023-11-27 16:12:13.323692,24,None-2023-08-11,3,,33,1
161,2023-11-27 16:12:30.517112,19,Mitsubishi,3,,27,1
162,2023-11-27 16:12:47.487699,19,None-2023-07-25,3,,33,1
163,2023-11-27 16:13:10.947138,17,el paso,3,,27,1
164,2023-11-27 16:13:16.447575,17,None-2023-07-27,3,,33,1
165,2023-11-27 16:13:33.452983,9,Georgia Power McDonough,3,,27,1
166,2023-11-27 16:13:41.110291,9,None-2023-06-15,3,,33,1
167,2023-11-27 16:14:03.393861,7,Georgia Power McDonough,3,,27,1
168,2023-11-27 16:14:08.457508,7,None-2023-06-15,3,,33,1
169,2023-11-27 16:14:42.758089,28,Siemens EIF Channelview 2,3,,27,1
170,2023-11-27 16:14:47.275280,28,None-2023-09-12,3,,33,1
171,2023-12-05 13:40:36.965983,44,44-Ontolaunee Field PN324-NOx Removal,2,"[{""changed"": {""fields"": [""Test Stop Time""]}}]",13,1
172,2023-12-05 13:40:49.763189,45,45-Cherokee U5-NOx Removal,2,"[{""changed"": {""fields"": [""Test Stop Time""]}}]",13,1
173,2023-12-05 13:40:59.077651,46,46-Calpine Hermiston K test-NOx Removal,2,"[{""changed"": {""fields"": [""Test Stop Time""]}}]",13,1
174,2023-12-05 13:41:05.891197,47,47-2-Layer  4884-NOx Removal,2,"[{""changed"": {""fields"": [""Test Stop Time""]}}]",13,1
175,2023-12-05 13:41:12.735025,48,48-Shintech 4900 1 Layer test-NOx Removal,2,"[{""changed"": {""fields"": [""Test Stop Time""]}}]",13,1
176,2023-12-05 13:41:19.080893,49,49-2618 Nebo Power Plant U1 NOx Removal-NOx Removal,2,"[{""changed"": {""fields"": [""Test Stop Time""]}}]",13,1
177,2023-12-05 13:41:25.127845,50,50-Franklin 2A-NOx Removal,2,"[{""changed"": {""fields"": [""Test Stop Time""]}}]",13,1
178,2023-12-05 13:41:33.065484,51,51-Lower Mt Bethel SCR-NOx Removal,2,"[{""changed"": {""fields"": [""Test Stop Time""]}}]",13,1
179,2023-12-05 13:41:38.833261,52,52-Lower Mt Bethel SCR-NOx Removal,2,"[{""changed"": {""fields"": [""Test Stop Time""]}}]",13,1
180,2023-12-05 13:41:44.240037,53,53-Lower Mt Bethel CO Ramp-CO Oxidation,2,"[{""changed"": {""fields"": [""Test Stop Time""]}}]",13,1
181,2023-12-05 13:41:49.536976,54,54-Lower Mt Bethel CO Ramp-CO Oxidation,2,"[{""changed"": {""fields"": [""Test Stop Time""]}}]",13,1
182,2023-12-05 13:41:55.428619,55,55-Channelview 341-NOx Removal,2,"[{""changed"": {""fields"": [""Test Stop Time""]}}]",13,1
183,2023-12-05 13:42:01.209934,56,56-Syracuse-NOx Removal,2,"[{""changed"": {""fields"": [""Test Stop Time""]}}]",13,1
184,2023-12-05 13:42:08.257967,57,57-Baytown Olefins Plant Train 3-NOx Removal,2,"[{""changed"": {""fields"": [""Test Stop Time""]}}]",13,1
185,2023-12-05 13:42:14.476788,58,58-Taiyanggong K tests-NOx Removal,2,"[{""changed"": {""fields"": [""Test Stop Time""]}}]",13,1
186,2023-12-05 13:46:37.956629,48,48-Shintech 4900 1 Layer test-NOx Removal,2,"[{""changed"": {""fields"": [""Test Stop Time""]}}]",13,1
187,2023-12-05 13:49:50.890310,48,48-Shintech 4900 1 Layer test-NOx Removal,2,"[{""changed"": {""fields"": [""Test Stop Time""]}}]",13,1
188,2023-12-05 13:50:07.331184,50,50-Franklin 2A-NOx Removal,2,"[{""changed"": {""fields"": [""Test Stop Time""]}}]",13,1
189,2023-12-05 13:50:19.348467,51,51-Lower Mt Bethel SCR-NOx Removal,2,"[{""changed"": {""fields"": [""Test Stop Time""]}}]",13,1
190,2023-12-05 13:50:28.707926,52,52-Lower Mt Bethel SCR-NOx Removal,2,"[{""changed"": {""fields"": [""Test Stop Time""]}}]",13,1
191,2023-12-05 13:50:39.177661,53,53-Lower Mt Bethel CO Ramp-CO Oxidation,2,"[{""changed"": {""fields"": [""Test Stop Time""]}}]",13,1
192,2023-12-05 13:50:47.349600,54,54-Lower Mt Bethel CO Ramp-CO Oxidation,2,"[{""changed"": {""fields"": [""Test Stop Time""]}}]",13,1
193,2023-12-05 13:50:55.710053,55,55-Channelview 341-NOx Removal,2,"[{""changed"": {""fields"": [""Test Stop Time""]}}]",13,1
194,2023-12-05 13:51:03.897628,56,56-Syracuse-NOx Removal,2,"[{""changed"": {""fields"": [""Test Stop Time""]}}]",13,1
195,2023-12-05 13:51:15.040358,57,57-Baytown Olefins Plant Train 3-NOx Removal,2,"[{""changed"": {""fields"": [""Test Stop Time""]}}]",13,1
196,2023-12-05 13:52:26.375115,43,43-Harbor CoGen Replacement-NOx Removal,2,"[{""changed"": {""fields"": [""Test Stop Time""]}}]",13,1
197,2023-12-05 13:53:13.330295,59,59-Taiyanggong K tests-NOx Removal,2,"[{""changed"": {""fields"": [""Test Stop Time""]}}]",13,1
198,2023-12-05 13:56:02.586900,40,40-Los Esteros 2514 U 1 2 3-NOx Removal,2,"[{""changed"": {""fields"": [""Test Stop Time""]}}]",13,1
199,2023-12-05 13:56:18.479795,39,39-Los Esteros 2514 U 1 2 3-NOx Removal,2,"[{""changed"": {""fields"": [""Test Stop Time""]}}]",13,1
200,2023-12-05 13:57:00.874454,84,84-Henrietta LHT deNOx test-NOx Removal,2,"[{""changed"": {""fields"": [""Test Stop Time""]}}]",13,1
201,2023-12-05 13:57:05.874505,83,83-Henrietta LHT deNOx test-NOx Removal,2,"[{""changed"": {""fields"": [""Test Stop Time""]}}]",13,1
202,2024-01-17 11:32:34.365113,7,s.jay,2,"[{""changed"": {""fields"": [""Groups""]}}]",3,1
203,2024-02-08 13:40:41.826652,12,Temperature,1,"[{""added"": {}}]",12,1
204,2024-02-12 12:04:50.355434,6,Micro 1-Durham,1,"[{""added"": {}}]",9,1
205,2024-02-12 12:05:05.529254,7,Micro 2-Durham,1,"[{""added"": {}}]",9,1
206,2024-02-13 09:06:04.399793,1,"Sabine River Works Ethylene Cracking Furnace BA 109, 2898-0101-0246.xlsm",3,,102,1
207,2024-02-13 09:16:42.343942,2,"Sabine River Works Ethylene Cracking Furnace BA 109, 2898-0101-0246.xlsm",3,,102,1
208,2024-02-13 09:19:10.935388,3,"Mariposa, 2495-2179-0314.xlsm",3,,102,1
209,2024-02-13 09:20:03.874676,13,NH3,1,"[{""added"": {}}]",12,1
210,2024-02-13 09:20:41.421935,14,CO2,1,"[{""added"": {}}]",12,1
211,2024-02-13 09:20:48.968921,15,VOC,1,"[{""added"": {}}]",12,1
212,2024-02-13 09:21:14.783081,9,C3H8,2,"[{""changed"": {""fields"": [""Parameter""]}}]",12,1
213,2024-02-13 09:21:23.986316,8,C3H6,2,"[{""changed"": {""fields"": [""Parameter""]}}]",12,1
214,2024-02-13 09:23:44.327437,16,H2O,1,"[{""added"": {}}]",12,1
215,2024-02-13 09:24:26.657423,17,O2,1,"[{""added"": {}}]",12,1
216,2024-02-13 09:25:54.337294,4,"Mariposa, 2495-2179-0314.xlsm",3,,102,1
217,2024-02-13 09:26:12.024978,1,S1,1,"[{""added"": {}}]",105,1
218,2024-02-13 09:26:17.290656,2,S2,1,"[{""added"": {}}]",105,1
219,2024-02-13 09:26:22.103664,3,S3,1,"[{""added"": {}}]",105,1
220,2024-02-13 09:26:27.338108,4,S4,1,"[{""added"": {}}]",105,1
221,2024-02-13 09:26:32.715199,5,S5,1,"[{""added"": {}}]",105,1
222,2024-02-13 11:06:46.006519,5,"Mariposa, 2495-2179-0314.xlsm",3,,102,1
223,2024-02-13 16:07:17.864545,8,"Mariposa, 2495-2179-0314.xlsm",3,,102,1
224,2024-02-13 16:07:17.864545,7,"Mariposa, 2495-2179-0314.xlsm",3,,102,1
225,2024-02-13 16:07:17.864545,6,"Mariposa, 2495-2179-0314.xlsm",3,,102,1
226,2024-04-01 15:34:58.015867,1,Front,1,"[{""added"": {}}]",19,1
227,2024-04-17 16:02:35.007629,61,Calpine Hermiston 1019-1378-0473.xlsm,3,,102,1
228,2024-04-17 16:02:46.257797,51,Calpine Hermiston 1019-1378-0473.xlsm,3,,102,1
229,2024-05-16 07:38:16.296244,1,buynitzkywd,2,"[{""changed"": {""fields"": [""Groups""]}}]",3,1
230,2024-05-16 07:48:50.673321,67,Otay Mesa.xlsm,3,,102,1
231,2024-05-16 07:48:59.706057,66,Otay Mesa.xlsm,3,,102,1
232,2024-05-16 07:49:07.299836,63,Otay Mesa.xlsm,3,,102,1
233,2024-05-16 07:55:08.416809,64,"Lincoln County, DUKE-3-24-0212.xlsm",3,,102,1
234,2024-05-16 07:55:18.885694,65,Brazzos Jack County JACK-24-0326.xlsm,3,,102,1
235,2024-05-16 08:37:09.055934,1,buynitzkywd,2,"[{""changed"": {""fields"": [""Groups""]}}]",3,1
236,2024-06-05 13:20:44.497617,75,"Sriracha 1 and 2, SRIR-2-24-0103.xlsm",3,,102,1
237,2024-06-05 13:20:55.060251,74,"Sriracha 1 and 2, SRIR-2-24-0103.xlsm",3,,102,1
238,2024-06-05 13:22:03.656228,56,"Sriracha 1 and 2, SRIR-2-24-0103.xlsm",3,,102,1
239,2024-06-05 13:23:43.676001,50,"Pastoria Unit 4, PAST-B4-24-0122.xlsm",3,,102,1
240,2024-06-05 13:25:06.600720,73,Luna Energy LUNA-1-24-0216 Bench.xlsm,3,,102,1
241,2024-06-05 13:28:21.733784,78,Luna Energy LUNA-1-24-0216 Bench.xlsm,3,,102,1
242,2024-06-05 13:28:56.018808,46,Luna Energy LUNA-1-24-0216 Pilot.xlsm,3,,102,1
243,2024-06-05 13:29:11.582548,52,Luna Energy LUNA-1-24-0216 Bench.xlsm,3,,102,1
244,2024-06-05 13:31:26.822773,48,"Hamakua Unit 1, 2629-1037-0436.xlsm",3,,102,1
245,2024-06-05 13:31:35.683320,80,"Hamakua Unit 1, 2629-1037-0436.xlsm",3,,102,1
246,2024-06-05 13:32:34.958144,49,Magnolia MAGN-9-24-0122.xlsm,3,,102,1
247,2024-06-19 13:12:12.800361,274,264911901134-2024-06-13,3,,35,1
248,2024-06-20 12:02:06.259731,300,AS24-00007-2024-06-20,3,,35,1
249,2024-06-20 12:02:14.088374,299,2649-1190-1134-2024-06-20,3,,35,1
250,2024-06-20 12:02:23.183066,409,Zeeland Generating Station-2b-2024-06-04-Label,3,,37,1
251,2024-06-20 12:02:39.090103,408,Zeeland Generating Station-2b-2024-06-04-Box,3,,37,1
252,2024-06-20 12:02:54.466174,198,Zeeland,3,,27,1
253,2024-06-20 12:03:02.468984,198,Zeeland Generating Station-2b-2024-06-04,3,,33,1
254,2024-06-20 12:04:51.282883,300,AS24-00007,3,,28,1
255,2024-06-20 12:04:51.298499,299,2649-1190-1134,3,,28,1
256,2024-06-20 12:16:12.767516,373,Zeeland Generating Station-2b-2024-06-04-Box,3,,37,1
257,2024-06-20 12:21:52.070590,43,2649-1190-1134-In Box 2,3,,34,1
258,2024-07-10 14:05:13.647912,4,Field Samples,1,"[{""added"": {}}]",2,1
259,2024-07-10 14:05:34.916993,8,congerma,2,"[{""changed"": {""fields"": [""Groups""]}}]",3,1
260,2024-07-10 14:05:57.436107,5,carrhl,2,"[{""changed"": {""fields"": [""Groups""]}}]",3,1
261,2024-07-10 14:06:19.046700,7,s.jay,2,"[{""changed"": {""fields"": [""Groups""]}}]",3,1
262,2024-07-10 14:07:15.974224,1,buynitzkywd,2,"[{""changed"": {""fields"": [""Groups""]}}]",3,1
263,2024-07-29 12:48:43.273364,317,EAST-1-15-12-2024-07-22,3,,35,1
264,2024-07-29 14:35:04.395303,317,EAST-1-15-12,3,,28,1
265,2024-07-31 08:53:49.311667,100,"St. Joseph, STJO-24-0426.xlsm",3,,102,1
266,2024-07-31 08:55:03.037686,101,"Panda Temple Generation Unit 21 Field 2024 (TEMP-21-1-18-0624, TEMP-21-2-18-0624).xlsm",3,,102,1
267,2024-07-31 08:59:17.496339,104,"Panda Temple Generation Unit 21 Field 2024 (TEMP-21-1-18-0624, TEMP-21-2-18-0624).xlsm",3,,102,1
268,2024-07-31 11:13:23.435746,176,LR-24-00093,2,"[{""changed"": {""fields"": [""Time submitted""]}}]",7,1
269,2024-08-14 10:11:18.687563,150,"Mariposa 700, Mari-U700-24-0312.xlsm",3,,102,1
270,2024-08-14 10:11:25.421971,151,"Mariposa 900, Mari-U900-24-0312.xlsm",3,,102,1
271,2024-08-14 10:13:41.888507,98,"OGE Redbud Unit 1, REDB-1-24-0103 SCR.xlsm",3,,102,1
272,2024-08-14 10:16:40.548177,152,"OGE Redbud Unit 1, REDB-1-24-0103 SCR.xlsm",3,,102,1
273,2024-08-14 10:25:28.646893,122,4518 OGE Redbud 1-CO Oxidation (LR-24-00016)->REDB-1-24-0103,2,"[{""changed"": {""fields"": [""Test Start Time"", ""Test Stop Time""]}}]",13,1
274,2024-08-14 10:25:37.865743,124,4712 OGE Redbud U2-CO Oxidation (LR-24-00017)->4712-0101-4318,2,"[{""changed"": {""fields"": [""Test Start Time"", ""Test Stop Time""]}}]",13,1
275,2024-08-14 10:26:29.278031,148,"TVA Caledonia, CALE-2-1-24-0228.xlsm",3,,102,1
276,2024-08-14 10:26:38.657256,149,"TVA Caledonia, CALE-3-2-24-0228.xlsm",3,,102,1
277,2024-08-14 10:27:54.665019,155,"TVA Caledonia, CALE-2-1-24-0228.xlsm",3,,102,1
278,2024-08-14 10:32:44.943801,151,TVA Caledonia-NOx Removal (LR-24-00038)->CaledoniaUnit3,2,"[{""changed"": {""fields"": [""Test Start Time"", ""Test Stop Time""]}}]",13,1
279,2024-08-14 10:32:55.400235,150,TVA Caledonia-NOx Removal (LR-24-00037)->CaledoniaUnit2,2,"[{""changed"": {""fields"": [""Test Start Time"", ""Test Stop Time""]}}]",13,1
280,2024-08-14 14:28:53.843783,146,Calpine Solano 1L Creed  0706-1774-0558.xlsm,3,,102,1
281,2024-08-14 14:29:01.578712,89,congerma - 2023-12-11 19:49:31.871504,3,,20,1
282,2024-08-14 14:29:52.962340,116,0706-1774-0558,3,,11,1
283,2024-08-14 14:30:06.385392,105,Calpine Solano 1L Creed Lambie Goosehaven-NOx Removal (LR-23-00078)->,3,,13,1
284,2024-08-14 14:30:26.855757,57,Calpine Solano 1L Lambie  0706-1774-0612.xlsm,3,,102,1
285,2024-08-14 14:30:33.793324,60,Calpine Solano 1L Creed  0706-1774-0558.xlsm,3,,102,1
286,2024-08-14 14:30:42.123997,143,Calpine Solano 1L Creed  0706-1774-0558.xlsm,3,,102,1
287,2024-08-14 14:40:15.472856,78,LR-23-00078,3,,7,1
288,2024-08-22 12:22:19.800507,269,4316-0102-5070,3,,11,1
289,2024-08-22 12:22:35.005853,254,,3,,10,1
290,2024-08-22 12:22:48.914528,204,LR-24-00121,3,,7,1
291,2024-08-22 12:29:20.411468,273,2312-1104-0875-2024-06-12,3,,35,1
292,2024-08-22 12:30:21.698044,272,2312-1104-1002-2024-06-11,3,,35,1
293,2024-08-22 12:36:06.152735,272,2312-1104-1002-2024-08-22,1,"[{""added"": {}}]",35,1
294,2024-08-22 12:37:07.470827,273,2312-1104-0875-2024-08-22,1,"[{""added"": {}}]",35,1
295,2024-08-23 12:18:59.477246,182,LR-24-00099,2,"[{""changed"": {""fields"": [""Time submitted""]}}]",7,1
296,2024-08-27 13:04:52.967706,272,2312-1104-1002-2024-08-22,2,"[{""changed"": {""fields"": [""Full photo"", ""Label photo"", ""Inlet photo"", ""Outlet photo""]}}]",35,1
297,2024-08-27 13:07:12.118968,273,2312-1104-0875-2024-08-22,2,"[{""changed"": {""fields"": [""Full photo"", ""Label photo"", ""Inlet photo"", ""Outlet photo""]}}]",35,1
298,2024-08-27 16:37:24.843305,172,LR-24-00098.xlsm,3,,102,1
299,2024-09-03 09:30:27.009635,327,4345-0101-0915-2024-07-30,2,"[{""changed"": {""fields"": [""Full photo"", ""Label photo"", ""Inlet photo"", ""Outlet photo""]}}]",35,1
300,2024-09-04 11:25:01.814972,209,LR-24-00126,3,,7,1
301,2024-09-04 11:54:04.871088,345,6048-0101-0619-2024-08-28,3,,35,1
302,2024-09-04 11:55:57.406225,346,4088-0101-0395-2024-08-28,3,,35,1
303,2024-09-04 11:58:15.267978,343,2203-2043-1331-2024-08-28,3,,35,1
304,2024-09-04 11:58:41.630517,345,6048-0101-0619,3,,28,1
305,2024-09-04 11:59:03.777089,346,4088-0101-0395,3,,28,1
306,2024-09-04 11:59:18.683981,343,2203-2043-1331,3,,28,1
307,2024-09-05 10:17:00.001631,365,2203-2043-1325-2024-09-04,3,,35,1
308,2024-09-05 10:17:08.644341,365,2203-2043-1325,3,,28,1
309,2024-09-05 12:03:23.121817,369,2431-1050-1023-2024-09-04,3,,35,1
310,2024-09-05 12:03:28.496865,369,2431-1050-1023,3,,28,1
311,2024-09-06 13:49:00.067061,355,ReactorTestConditionParameter object (355),3,,15,1
312,2024-09-06 13:49:06.239659,354,ReactorTestConditionParameter object (354),3,,15,1
313,2024-09-06 13:49:18.260069,249,Lemont South Plant-NOx Removal (LR-24-00127)->4088-0101-0395,3,,13,1
314,2024-09-06 13:49:28.838291,151,Lemont South Plant-NOx Removal,3,,14,1
315,2024-09-09 10:17:46.705657,216,LR-24-00132,3,,7,1
316,2024-09-18 15:19:07.872391,144,Baytown Olefins Plant Train 3.xlsm,3,,102,1
317,2024-09-18 15:24:04.571595,195,Baytown Olefins Plant Train 3.xlsm,3,,102,1
318,2024-09-18 15:30:16.352910,197,"Lower Mt Bethel CO Ramp, BETH-CO-U1-23-1024.xlsm",3,,102,1
319,2024-09-18 15:32:02.980142,196,Baytown Olefins Plant Train 3.xlsm,3,,102,1
320,2024-09-18 15:36:39.826159,199,"Gila River Unit 3A, 1006-1511-0695.xlsm",3,,102,1
321,2024-09-18 15:36:55.702347,200,"Gila River Unit 3B, 1006-1511-0702.xlsm",3,,102,1
322,2024-09-18 15:38:52.440051,201,"Sentinel Energy Unit 6, SENT-U6-23-1129.xlsm",3,,102,1
323,2024-09-18 16:42:06.422641,202,"Gila River Unit 3A, 1006-1511-0695.xlsm",3,,102,1
324,2024-09-19 10:11:49.693339,159,2 Layer Panda Temple-NOx Removal (LR-24-00045)->PAND-12-24-0326 - PAND-12-2-24-0326,2,"[{""changed"": {""fields"": [""Test Start Time""]}}]",13,1
325,2024-09-19 10:12:24.669483,158,2 Layer Panda Temple-NOx Removal (LR-24-00045)->PAND-11-24-0326 - PAND-11-2-24-0326,2,"[{""changed"": {""fields"": [""Test Stop Time""]}}]",13,1
326,2024-09-19 10:17:22.993817,187,El Segundo Train B CO Catalyst-CO Oxidation (LR-24-00071)->SEGU-CO-24-0327,2,"[{""changed"": {""fields"": [""Test Stop Time""]}}]",13,1
327,2024-09-19 10:21:31.130431,203,Tracy CO Ramp Testing-CO Oxidation (LR-24-00082)->TRACY-U9-CO-24-0430,2,"[{""changed"": {""fields"": [""Test Stop Time""]}}]",13,1
328,2024-09-19 10:23:04.485358,202,Tracy CO Ramp Testing-CO Oxidation (LR-24-00082)->TRACY-U8-CO-24-0430,2,"[{""changed"": {""fields"": [""Test Stop Time""]}}]",13,1
329,2024-09-19 10:23:25.520406,203,Tracy CO Ramp Testing-CO Oxidation (LR-24-00082)->TRACY-U9-CO-24-0430,2,[],13,1
330,2024-09-19 10:27:20.454902,54,Lower Mt Bethel CO Ramp-CO Oxidation (LR-23-00038)->BETH-CO-U2-23-1024,2,"[{""changed"": {""fields"": [""Test Stop Time""]}}]",13,1
331,2024-09-19 10:27:44.520452,53,Lower Mt Bethel CO Ramp-CO Oxidation (LR-23-00038)->BETH-CO-U1-23-1024,2,"[{""changed"": {""fields"": [""Test Stop Time""]}}]",13,1
332,2024-09-19 10:42:11.686557,109,Bethlehem Corrugated-NOx Removal (LR-24-00004)->BETH-U6-23-1206,2,"[{""changed"": {""fields"": [""Test Stop Time""]}}]",13,1
333,2024-09-19 10:45:50.388110,159,2 Layer Panda Temple-NOx Removal (LR-24-00045)->PAND-12-24-0326 - PAND-12-2-24-0326,2,"[{""changed"": {""fields"": [""Test Stop Time""]}}]",13,1
334,2024-09-19 10:51:04.947321,55,"Gila River Unit 3B, 1006-1511-0702.xlsm",3,,102,1
335,2024-09-19 10:51:29.516691,54,"Gila River Unit 3A, 1006-1511-0695.xlsm",3,,102,1
336,2024-09-19 10:52:19.693727,27,Baytown Olefins Plant Train 3.xlsm,3,,102,1
337,2024-09-19 10:52:24.695342,26,Baytown Olefins Plant Train 3.xlsm,3,,102,1
338,2024-09-19 10:52:30.039083,25,Baytown Olefins Plant Train 3.xlsm,3,,102,1
339,2024-09-19 10:55:38.303714,53,"Sentinel Energy Unit 6, SENT-U6-23-1129.xlsm",3,,102,1
340,2024-09-19 16:43:04.360507,107,Bethlehem Corrugated-NOx Removal (LR-24-00001)->BETH-U5-23-1206,2,"[{""changed"": {""fields"": [""Test Stop Time""]}}]",13,1
341,2024-09-19 16:45:38.285899,47,Baytown Olefins Plant Train 3.xlsm,3,,102,1
342,2024-10-02 09:38:32.069166,43,"McIntosh, 4517-0104-0705.xlsm",3,,102,1
343,2024-10-02 09:40:25.863689,224,"McIntosh, 4517-0104-0705.xlsm",3,,102,1
344,2024-10-02 12:30:31.004489,1,buynitzkywd,2,"[{""changed"": {""fields"": [""Groups""]}}]",3,1
345,2024-10-07 09:11:12.995178,275,Radford-CERAM-HiNO2-NOx Removal (LR-24-00148)->0503-9620-0061,3,,13,1
346,2024-10-07 14:44:44.480993,235,LR-24-00151,2,"[{""changed"": {""fields"": [""Time submitted""]}}]",7,1
347,2024-10-10 15:29:26.059373,1568,4126-0101-1126-In Box,3,,34,1
348,2024-10-10 15:29:26.059373,1567,4126-0101-1126-In Box,3,,34,1
349,2024-10-21 12:25:14.965502,258,LR-24-00174,2,"[{""changed"": {""fields"": [""Time submitted""]}}]",7,1
350,2024-10-22 14:23:31.473459,5,Takeback Qualification,1,"[{""added"": {}}]",106,1
351,2024-10-22 14:23:43.023181,5,Takeback,2,"[{""changed"": {""fields"": [""Request type""]}}]",106,1
352,2024-10-23 09:40:40.650085,260,LR-24-00176,3,,7,1
353,2024-10-23 09:40:40.650085,259,LR-24-00175,3,,7,1
354,2024-10-23 09:41:10.256872,432,4682-0101-0725,2,"[{""changed"": {""fields"": [""Sample Id""]}}]",28,1
355,2024-10-24 12:07:59.025287,6,Regen,1,"[{""added"": {}}]",106,1
356,2024-10-25 12:46:25.797549,440,2557-1162-1201-2024-10-25,3,,35,1
357,2024-10-25 12:46:33.880471,440,2557-1162-1201,3,,28,1
358,2024-10-30 12:44:23.961048,309,Cleco,3,,27,1
359,2024-10-30 12:44:30.587582,622,Cleco Evangeline Power Station-Unit 7-1-2024-10-30-Box,3,,37,1
360,2024-10-30 12:44:37.463911,623,Cleco Evangeline Power Station-Unit 7-1-2024-10-30-Label,3,,37,1
361,2024-10-30 12:44:43.792786,309,Cleco Evangeline Power Station-Unit 7-1-2024-10-30,3,,33,1
362,2024-10-30 12:45:32.957317,307,Coughlin,3,,27,1
363,2024-10-30 12:45:39.601646,307,Cleco Evangeline Power Station-Unit 6-2024-10-30,3,,33,1
364,2024-10-30 13:09:24.585852,92,"Mariposa 700, Mari-U700-24-0312.xlsm",3,,102,1
365,2024-10-30 13:09:44.339050,91,"Mariposa 700, Mari-U700-24-0312.xlsm",3,,102,1
366,2024-10-30 13:09:51.668731,93,"Mariposa 900, Mari-U900-24-0312.xlsm",3,,102,1
367,2024-10-30 13:10:35.852771,249,"Mariposa 700, Mari-U700-24-0312.xlsm",3,,102,1
368,2024-10-30 13:15:10.596179,169,LR-24-00115-1.xlsm,3,,102,1
369,2024-10-30 13:15:39.434183,170,LR-24-00115-1.xlsm,3,,102,1
370,2024-10-30 13:15:48.342029,250,LR-24-00115-1.xlsm,3,,102,1
371,2024-10-30 13:17:26.497169,174,LR-24-00096-1.xlsm,3,,102,1
372,2024-10-30 13:17:41.249800,175,LR-24-00096-1.xlsm,3,,102,1
373,2024-10-30 13:18:06.449318,176,LR-24-00096-2.xlsm,3,,102,1
374,2024-10-30 13:18:15.779833,177,LR-24-00096-3.xlsm,3,,102,1
375,2024-10-30 13:23:42.107487,221,Batesville Units 1-3-NOx Removal (LR-24-00096)->0827-1206-0398,2,"[{""changed"": {""fields"": [""Test Stop Time""]}}]",13,1
376,2024-10-30 13:23:59.844151,220,Batesville Units 1-3-NOx Removal (LR-24-00096)->0827-1206-0391,2,"[{""changed"": {""fields"": [""Test Stop Time""]}}]",13,1
377,2024-10-30 13:29:59.052087,183,LR-24-00099.xlsm,3,,102,1
378,2024-10-30 13:30:07.898465,259,LR-24-00099.xlsm,3,,102,1
379,2024-10-30 13:30:36.561770,190,LR-24-00099.xlsm,3,,102,1
380,2024-10-30 13:30:43.094116,184,LR-24-00099.xlsm,3,,102,1
381,2024-10-30 13:34:06.504816,261,LR-24-00100.xlsm,3,,102,1
382,2024-10-30 13:35:01.869249,218,Cove Point 214JA_JB CO Ramp-CO Oxidation (LR-24-00100)->CovePoint214JB_CO_2024,2,"[{""changed"": {""fields"": [""Test Stop Time""]}}]",13,1
383,2024-10-30 13:36:40.279086,233,HayRoad DeNOx Test-NOx Removal (LR-24-00113)->HayRd_U7_0325,2,"[{""changed"": {""fields"": [""Test Stop Time""]}}]",13,1
384,2024-10-30 13:37:27.670189,246,Hog Bayou Cross Flow Plate-NOx Removal (LR-24-00125)->HogBa-1-24-0501,2,"[{""changed"": {""fields"": [""Test Stop Time""]}}]",13,1
385,2024-10-30 13:38:47.269313,208,Bethpage 1.2 CO Ramp Test-CO Oxidation (LR-24-00089)->BETH-24-0312,2,"[{""changed"": {""fields"": [""Test Stop Time"", ""Test Order""]}}]",13,1
386,2024-10-30 13:45:20.311305,235,"Columbia 579 Unit 1, COLU-1-24-0108.xlsm",3,,102,1
387,2024-10-30 13:45:35.186647,263,"Columbia 579 Unit 1, COLU-1-24-0108.xlsm",3,,102,1
388,2024-10-30 13:46:25.073293,264,"Columbia 579 Unit 1, COLU-1-24-0108.xlsm",3,,102,1
389,2024-10-30 13:47:13.972090,211,"Columbia 579 Unit 1, COLU-1-24-0108.xlsm",3,,102,1
390,2024-10-30 13:47:27.042687,209,"Columbia 579 Unit 1, COLU-1-24-0108.xlsm",3,,102,1
391,2024-11-04 12:43:04.907023,7,Pressure Drop,1,"[{""added"": {}}]",26,1
394,2024-11-12 15:12:07.374637,338,,3,,10,1
395,2024-11-12 15:12:31.335717,278,LR-24-00192,3,,7,1
396,2024-11-13 11:53:29.162941,283,LR-24-00197,2,"[{""changed"": {""fields"": [""Job Number"", ""PCN""]}}]",7,1
397,2024-11-13 13:31:09.361744,283,LR-24-00197,2,[],7,1
398,2024-11-13 14:10:18.353584,207,T-350 VOC Oxidation-VOC Oxidation,2,"[{""changed"": {""fields"": [""Test type""]}}]",14,1
399,2024-11-14 21:43:04.164304,1919,RDBD-U2-2-24-1113-Label,3,,34,1
400,2024-11-14 21:43:10.601781,1918,RDBD-U2-2-24-1113-Box,3,,34,1
401,2024-11-14 21:43:40.101663,511,RDBD-U2-2-24-1113-2024-11-14,3,,35,1
402,2024-11-18 08:28:54.203537,511,RDBD-U2-2-24-1113,3,,28,1
403,2024-11-27 11:09:05.431271,2,Exit,2,"[{""changed"": {""fields"": [""Location""]}}]",29,1
404,2024-11-27 11:09:12.533787,6,Inlet,2,"[{""changed"": {""fields"": [""Location""]}}]",29,1
405,2024-11-27 11:11:58.493993,31,e.alvarez,2,"[{""changed"": {""fields"": [""Groups""]}}]",3,1
406,2024-12-04 08:33:25.915805,296,LR-24-00210,2,"[{""changed"": {""fields"": [""Time submitted""]}}]",7,1
407,2024-12-11 14:04:12.683655,303,LR-24-00145-3.xlsm,3,,102,1
408,2024-12-11 14:10:01.472959,248,6318-2.xlsm,3,,102,1
409,2024-12-11 14:10:01.481960,247,6318-2.xlsm,3,,102,1
410,2024-12-11 14:10:01.490959,246,6318-1.xlsm,3,,102,1
411,2024-12-11 14:10:01.500960,245,6318-1.xlsm,3,,102,1
412,2024-12-11 14:12:43.254375,306,Prequal CO Oxidation-CO Oxidation (LR-24-00175)->4682-0101-0725,2,"[{""changed"": {""fields"": [""Test Stop Time""]}}]",13,1
413,2024-12-11 14:22:39.623550,274,LR-24-00151-2.xlsm,3,,102,1
414,2024-12-11 14:25:06.110191,307,LR-24-00151-2.xlsm,3,,102,1
415,2024-12-11 14:25:19.816773,277,LR-24-00156.xlsm,3,,102,1
416,2024-12-11 14:25:42.572272,308,LR-24-00156.xlsm,3,,102,1
417,2024-12-11 14:29:51.617487,291,LR-24-00167.xlsm,3,,102,1
418,2024-12-11 14:30:18.563523,289,LR-24-00167.xlsm,3,,102,1
419,2024-12-11 14:30:46.828948,311,LR-24-00167.xlsm,3,,102,1
420,2024-12-11 14:38:49.362573,312,LR-24-00174-1.xlsm,3,,102,1
421,2024-12-11 14:48:54.790756,315,LR-24-00174-4.xlsm,3,,102,1
422,2024-12-11 14:54:56.145553,316,LR-24-00174-4.xlsm,3,,102,1
423,2025-01-06 12:30:04.272873,452,9112-2411-5530-14-1 (MM 350 ppm Pd),3,,10,1
424,2025-01-09 13:28:12.882507,18,Cl,1,"[{""added"": {}}]",12,1
425,2025-01-13 09:29:36.240299,395,Napanee,3,,27,1
426,2025-01-13 09:29:45.687622,826,Napanee Generating Station-1B-2024-01-10-In Box 2,3,,37,1
427,2025-01-13 09:29:52.416248,825,Napanee Generating Station-1B-2024-01-10-Papewrwork,3,,37,1
428,2025-01-13 09:30:00.325805,824,Napanee Generating Station-1B-2024-01-10-In Box,3,,37,1
429,2025-01-13 09:30:13.067593,822,Napanee Generating Station-1B-2024-01-10-Box,3,,37,1
430,2025-01-13 09:30:45.662403,823,Napanee Generating Station-1B-2024-01-10-Label,3,,37,1
431,2025-01-13 09:30:59.082013,395,Napanee Generating Station-1B-2024-01-10,3,,33,1
432,2025-01-13 09:32:32.196960,821,Napanee Generating Station-1A-2024-01-10-Plastic,3,,37,1
433,2025-01-13 09:32:39.346765,820,Napanee Generating Station-1A-2024-01-10-In Box 2,3,,37,1
434,2025-01-13 09:32:49.132883,819,Napanee Generating Station-1A-2024-01-10-Paperwork,3,,37,1
435,2025-01-13 09:33:02.813533,818,Napanee Generating Station-1A-2024-01-10-In Box,3,,37,1
436,2025-01-13 09:33:11.293591,817,Napanee Generating Station-1A-2024-01-10-Label,3,,37,1
437,2025-01-13 09:33:20.787781,816,Napanee Generating Station-1A-2024-01-10-Box,3,,37,1
438,2025-01-13 09:33:35.334423,394,Napanee,3,,27,1
439,2025-01-13 09:34:14.465210,648,2680-0102-2670-2025-01-10,3,,35,1
440,2025-01-13 09:34:42.812862,647,1603-0761-1-24-0110-2025-01-10,3,,35,1
441,2025-01-13 09:35:03.928382,646,1603-0761-2025-01-10,3,,35,1
442,2025-01-13 09:35:16.535565,394,Napanee Generating Station-1A-2024-01-10,3,,33,1
443,2025-01-13 09:36:00.351467,828,Napanee Generating Station-1A-2024-01-10-Label,3,,37,1
444,2025-01-13 09:36:07.639601,827,Napanee Generating Station-1A-2024-01-10-Box,3,,37,1
445,2025-01-13 09:36:22.788937,396,Napanee,3,,27,1
446,2025-01-13 09:36:31.189901,829,Napanee Generating Station-1A-2024-01-10-Paperwork,3,,37,1
447,2025-01-13 09:36:40.843899,830,Napanee Generating Station-1A-2024-01-10-In Box,3,,37,1
448,2025-01-13 09:36:48.851973,831,Napanee Generating Station-1A-2024-01-10-2 Samples,3,,37,1
449,2025-01-13 09:37:06.920296,393,Napanee,3,,27,1
450,2025-01-13 09:38:10.962268,396,Napanee Generating Station-1A-2024-01-10,3,,33,1
451,2025-01-13 09:45:16.619220,646,1603-0761,3,,28,1
452,2025-01-13 09:45:32.772236,648,2680-0102-2670,3,,28,1
453,2025-01-13 09:46:18.241934,2507,1603-0761-1-24-0110-Marking,3,,34,1
454,2025-01-13 09:46:23.362435,2508,1603-0761-1-24-0110-Full,3,,34,1
455,2025-01-13 09:46:28.377886,2509,1603-0761-1-24-0110-Inlet,3,,34,1
456,2025-01-13 09:46:36.157541,2510,1603-0761-1-24-0110-Outlet,3,,34,1
457,2025-01-13 09:46:45.677962,647,1603-0761-1-24-0110,3,,28,1
458,2025-01-27 09:19:19.259855,336,LR-25-00007,2,"[{""changed"": {""fields"": [""Time submitted""]}}]",7,1
459,2025-01-27 09:24:34.316896,336,LR-25-00007,2,"[{""changed"": {""fields"": [""Time submitted""]}}]",7,1
460,2025-01-28 08:59:05.559773,265,Memphis prequal VOC-VOC Oxidation,2,"[{""changed"": {""fields"": [""Description""]}}]",14,1
461,2025-01-28 08:59:19.184318,264,Memphis prequal CO oxidation-CO Oxidation,2,"[{""changed"": {""fields"": [""Description""]}}]",14,1
462,2025-01-30 16:08:34.365948,264,Memphis prequal CO oxidation-CO Oxidation,2,"[{""changed"": {""fields"": [""Av"", ""Temperature (C)""]}}]",14,1
463,2025-01-30 16:08:43.653720,265,Memphis prequal VOC-VOC Oxidation,2,"[{""changed"": {""fields"": [""Av"", ""Temperature (C)""]}}]",14,1
464,2025-02-26 11:23:31.566403,420,LR-24-00242_428.xlsm,3,,102,1
465,2025-03-03 10:47:10.900446,918,Benicia Refinery-F-4460-2024-03-03-In box,3,,37,1
466,2025-03-03 10:47:10.925548,917,Benicia Refinery-F-4460-2024-03-03-Label,3,,37,1
467,2025-03-03 10:47:10.941549,916,Benicia Refinery-F-4460-2024-03-03-Box,3,,37,1
