id,test_sheet,number,reactor_test_id,test_worksheet_id
11,BAT Condition 1 Test Report,1,110.0,7
12,BAT Condition 1 Test Report,2,110.0,7
13,BAT Condition 1 Test Report,1,113.0,8
14,BAT Condition 1 Test Report,2,113.0,8
15,BAT Condition 1 Test Report,1,50.0,9
16,BAT Condition 1 Test Report,2,50.0,9
17,BAT Condition 1 Test Report,1,141.0,10
18,BAT Condition 1 Test Report,2,141.0,10
19,BAT Condition 1 Test Report,1,111.0,11
20,BAT Condition 1 Test Report,2,111.0,11
21,BAT Condition 1 Test Report,1,133.0,12
22,BAT Condition 1 Test Report,2,133.0,12
23,BAT Condition 2 Test Report,1,134.0,13
24,BAT Condition 2 Test Report,2,134.0,13
25,BAT Condition 1 Test Report,1,114.0,14
26,BAT Condition 1 Test Report,2,114.0,14
27,BAT Condition 1 Test Report,3,114.0,14
28,BAT Condition 1 Test Report,1,138.0,15
29,BAT Condition 1 Test Report,1,98.0,16
30,BAT Condition 1 Test Report,2,98.0,16
31,BAT Condition 1 Test Report,1,69.0,17
32,BAT Condition 1 Test Report,2,69.0,17
33,BAT Condition 1 Test Report,3,69.0,17
34,BAT Condition 2 Test Report,1,70.0,18
35,BAT Condition 1 Test Report,1,100.0,19
36,BAT Condition 1 Test Report,2,100.0,19
37,BAT Condition 2 Test Report,1,101.0,20
38,BAT Condition 2 Test Report,2,101.0,20
39,BAT Condition 1 Test Report,1,102.0,21
40,BAT Condition 1 Test Report,2,102.0,21
41,BAT Condition 2 Test Report,1,103.0,22
42,BAT Condition 2 Test Report,2,103.0,22
43,BAT Condition 1 Test Report,1,51.0,23
44,BAT Condition 1 Test Report,2,51.0,23
45,BAT Condition 1 Test Report,1,52.0,24
46,BAT Condition 1 Test Report,2,52.0,24
47,BAT Condition 1 Test Report,1,127.0,25
48,BAT Condition 2 Test Report,1,128.0,26
49,BAT Condition 1 Test Report,1,129.0,27
50,BAT Condition 2 Test Report,1,130.0,28
51,BAT Condition 2 Test Report,2,130.0,28
52,BAT Condition 1 Test Report,1,131.0,29
53,BAT Condition 1 Test Report,2,131.0,29
54,BAT Condition 2 Test Report,1,132.0,30
55,BAT Condition 2 Test Report,2,132.0,30
56,BAT Condition 2 Test Report,3,132.0,30
57,BAT Condition 2 Test Report,4,132.0,30
58,BAT Condition 1 Test Report,1,81.0,31
59,BAT Condition 1 Test Report,1,82.0,32
60,BAT Condition 1 Test Report,1,106.0,33
61,BAT Condition 1 Test Report,2,106.0,33
62,BAT Condition 1 Test Report,3,106.0,33
63,BAT Condition 1 Test Report,4,106.0,33
64,BAT Condition 1 Test Report,5,106.0,33
65,BAT Condition 1 Test Report,6,106.0,33
66,BAT Condition 1 Test Report,7,106.0,33
67,BAT Condition 1 Test Report,8,106.0,33
68,BAT Condition 1 Test Report,9,106.0,33
69,BAT Condition 1 Test Report,10,106.0,33
70,BAT Condition 1 Test Report,11,106.0,33
71,BAT Condition 1 Test Report,12,106.0,33
72,BAT Condition 1 Test Report,1,115.0,34
73,BAT Condition 1 Test Report,2,115.0,34
107,BAT Condition 1 Test Report,1,143.0,46
108,BAT Condition 1 Test Report,2,143.0,46
119,BAT Condition 1 Test Report,1,152.0,52
120,BAT Condition 1 Test Report,2,152.0,52
121,BAT Condition 1 Test Report,1,160.0,53
122,BAT Condition 1 Test Report,2,160.0,53
123,BAT Condition 1 Test Report,3,160.0,53
127,BAT Condition 1 Test Report,1,144.0,55
128,BAT Condition 1 Test Report,2,144.0,55
129,BAT Condition 1 Test Report,1,,56
130,BAT Condition 1 Test Report,2,,56
131,BAT Condition 1 Test Report,3,,56
140,BAT Condition 1 Test Report,1,120.0,60
141,BAT Condition 1 Test Report,2,120.0,60
142,BAT Condition 1 Test Report,1,137.0,61
143,BAT Condition 1 Test Report,2,137.0,61
144,BAT Condition 1 Test Report,3,137.0,61
145,BAT Condition 1 Test Report,4,137.0,61
146,BAT Condition 1 Test Report,5,137.0,61
147,BAT Condition 1 Test Report,6,137.0,61
148,BAT Condition 1 Test Report,7,137.0,61
153,BAT Condition 1 Test Report,1,142.0,63
154,BAT Condition 1 Test Report,2,142.0,63
155,BAT Condition 1 Test Report,3,142.0,63
156,BAT Condition 1 Test Report,4,142.0,63
159,BAT Condition 1 Test Report,1,149.0,65
160,BAT Condition 1 Test Report,2,149.0,65
161,BAT Condition 1 Test Report,1,139.0,66
162,BAT Condition 1 Test Report,2,139.0,66
163,BAT Condition 1 Test Report,1,119.0,67
164,BAT Condition 1 Test Report,2,119.0,67
165,BAT Condition 1 Test Report,1,145.0,68
166,BAT Condition 1 Test Report,2,145.0,68
167,BAT Condition 1 Test Report,1,147.0,69
168,BAT Condition 1 Test Report,2,147.0,69
169,BAT Condition 1 Test Report,1,148.0,70
170,BAT Condition 1 Test Report,2,148.0,70
171,BAT Condition 1 Test Report,3,148.0,70
172,BAT Condition 1 Test Report,1,185.0,71
173,BAT Condition 1 Test Report,2,185.0,71
174,BAT Condition 1 Test Report,1,155.0,72
175,BAT Condition 1 Test Report,2,155.0,72
176,BAT Condition 1 Test Report,1,156.0,73
177,BAT Condition 1 Test Report,2,156.0,73
178,BAT Condition 1 Test Report,1,161.0,74
179,BAT Condition 1 Test Report,2,161.0,74
180,BAT Condition 1 Test Report,1,164.0,75
185,BAT Condition 1 Test Report,1,123.0,77
186,BAT Condition 1 Test Report,2,123.0,77
187,BAT Condition 1 Test Report,3,123.0,77
188,BAT Condition 1 Test Report,4,123.0,77
189,BAT Condition 1 Test Report,5,123.0,77
190,BAT Condition 1 Test Report,6,123.0,77
191,BAT Condition 1 Test Report,7,123.0,77
193,BAT Condition 1 Test Report,1,223.0,79
194,BAT Condition 1 Test Report,2,223.0,79
197,BAT Condition 1 Test Report,1,196.0,81
198,BAT Condition 1 Test Report,1,162.0,82
199,BAT Condition 2 Test Report,1,163.0,83
200,BAT Condition 2 Test Report,2,163.0,83
201,BAT Condition 2 Test Report,3,163.0,83
202,BAT Condition 1 Test Report,1,206.0,84
203,BAT Condition 1 Test Report,2,206.0,84
204,BAT Condition 1 Test Report,1,205.0,85
205,BAT Condition 1 Test Report,2,205.0,85
206,BAT Condition 1 Test Report,1,204.0,86
207,BAT Condition 1 Test Report,1,201.0,87
208,BAT Condition 1 Test Report,2,201.0,87
209,BAT Condition 1 Test Report,1,195.0,88
210,BAT Condition 1 Test Report,2,195.0,88
211,BAT Condition 1 Test Report,3,195.0,88
212,BAT Condition 1 Test Report,4,195.0,88
213,BAT Condition 1 Test Report,1,194.0,89
214,BAT Condition 1 Test Report,2,194.0,89
215,BAT Condition 1 Test Report,1,193.0,90
216,BAT Condition 1 Test Report,2,193.0,90
217,BAT Condition 1 Test Report,1,192.0,91
218,BAT Condition 1 Test Report,2,192.0,91
219,BAT Condition 1 Test Report,1,157.0,92
220,BAT Condition 1 Test Report,2,157.0,92
221,BAT Condition 1 Test Report,3,157.0,92
222,BAT Condition 1 Test Report,4,157.0,92
223,BAT Condition 1 Test Report,5,157.0,92
224,BAT Condition 1 Test Report,1,191.0,93
225,BAT Condition 1 Test Report,1,190.0,94
226,BAT Condition 1 Test Report,1,189.0,95
227,BAT Condition 1 Test Report,2,189.0,95
228,BAT Condition 1 Test Report,1,188.0,96
229,BAT Condition 1 Test Report,1,186.0,97
230,BAT Condition 1 Test Report,2,186.0,97
231,BAT Condition 1 Test Report,1,183.0,98
232,BAT Condition 1 Test Report,2,183.0,98
233,BAT Condition 1 Test Report,3,183.0,98
234,BAT Condition 2 Test Report,1,184.0,99
235,BAT Condition 2 Test Report,2,184.0,99
236,BAT Condition 1 Test Report,1,182.0,100
237,BAT Condition 1 Test Report,2,182.0,100
238,BAT Condition 1 Test Report,3,182.0,100
239,BAT Condition 1 Test Report,1,181.0,101
240,BAT Condition 1 Test Report,2,181.0,101
241,BAT Condition 1 Test Report,3,181.0,101
242,BAT Condition 1 Test Report,1,180.0,102
243,BAT Condition 1 Test Report,1,179.0,103
244,BAT Condition 1 Test Report,1,207.0,104
245,BAT Condition 1 Test Report,1,224.0,105
246,BAT Condition 1 Test Report,1,212.0,106
247,BAT Condition 1 Test Report,1,211.0,107
248,BAT Condition 1 Test Report,1,209.0,108
249,BAT Condition 1 Test Report,1,210.0,109
250,BAT Condition 1 Test Report,1,178.0,110
251,BAT Condition 1 Test Report,2,178.0,110
252,BAT Condition 1 Test Report,1,177.0,111
253,BAT Condition 1 Test Report,2,177.0,111
254,BAT Condition 1 Test Report,1,176.0,112
255,BAT Condition 1 Test Report,2,176.0,112
256,BAT Condition 1 Test Report,1,172.0,113
257,BAT Condition 1 Test Report,1,171.0,114
258,BAT Condition 1 Test Report,2,171.0,114
259,BAT Condition 1 Test Report,1,165.0,115
260,BAT Condition 1 Test Report,2,165.0,115
269,BAT Condition 1 Test Report,1,74.0,118
278,BAT Condition 1 Test Report,1,121.0,121
279,BAT Condition 1 Test Report,2,121.0,121
280,BAT Condition 1 Test Report,3,121.0,121
281,BAT Condition 1 Test Report,4,121.0,121
282,BAT Condition 1 Test Report,1,,122
283,BAT Condition 1 Test Report,2,,122
284,BAT Condition 1 Test Report,3,,122
285,BAT Condition 1 Test Report,4,,122
286,BAT Condition 1 Test Report,1,237.0,123
287,BAT Condition 1 Test Report,1,216.0,124
288,BAT Condition 1 Test Report,1,230.0,125
289,BAT Condition 1 Test Report,1,231.0,126
290,BAT Condition 1 Test Report,1,199.0,127
291,Activity 1 Final Report,1,200.0,128
292,Activity 1 Final Report,2,200.0,128
293,Activity 1 Final Report,3,200.0,128
294,Activity 1 Final Report,4,200.0,128
295,Activity 1 Final Report,1,198.0,129
296,Activity 1 Final Report,2,198.0,129
297,Activity 1 Final Report,3,198.0,129
298,Activity 1 Final Report,4,198.0,129
299,BAT Condition 1 Test Report,1,214.0,130
300,BAT Condition 1 Test Report,1,215.0,131
301,BAT Condition 1 Test Report,1,232.0,132
302,BAT Condition 1 Test Report,1,222.0,133
303,BAT Condition 1 Test Report,1,213.0,134
307,BAT Condition 1 Test Report,1,238.0,138
309,BAT Condition 1 Test Report,1,239.0,140
314,BAT Condition 1 Test Report,1,235.0,145
315,BAT Condition 1 Test Report,1,217.0,146
316,BAT Condition 1 Test Report,1,240.0,147
317,BAT Condition 1 Test Report,1,244.0,148
318,BAT Condition 1 Test Report,1,251.0,149
319,BAT Condition 1 Test Report,1,253.0,150
320,BAT Condition 1 Test Report,1,254.0,151
321,BAT Condition 1 Test Report,1,170.0,153
322,BAT Condition 1 Test Report,2,170.0,153
323,BAT Condition 1 Test Report,3,170.0,153
332,BAT Condition 1 Test Report,1,104.0,156
333,BAT Condition 1 Test Report,2,104.0,156
348,BAT Condition 1 Test Report,1,118.0,161
349,BAT Condition 1 Test Report,2,118.0,161
350,BAT Condition 1 Test Report,3,118.0,161
351,BAT Condition 1 Test Report,4,118.0,161
352,BAT Condition 1 Test Report,1,117.0,162
353,BAT Condition 1 Test Report,2,117.0,162
354,BAT Condition 1 Test Report,3,117.0,162
355,BAT Condition 1 Test Report,4,117.0,162
356,BAT Condition 1 Test Report,1,94.0,163
357,BAT Condition 1 Test Report,2,94.0,163
358,BAT Condition 1 Test Report,1,241.0,164
359,BAT Condition 1 Test Report,1,266.0,165
360,BAT Condition 1 Test Report,1,267.0,166
365,Activity 1 Final Report,1,126.0,168
366,Activity 1 Final Report,2,126.0,168
367,Activity 1 Final Report,3,126.0,168
368,Activity 1 Final Report,4,126.0,168
373,Activity 1 Final Report,1,93.0,170
374,Activity 1 Final Report,2,93.0,170
375,Activity 1 Final Report,3,93.0,170
376,Activity 1 Final Report,4,93.0,170
377,BAT Condition 1 Test Report,1,99.0,171
378,BAT Condition 1 Test Report,2,99.0,171
379,Activity 1 Final Report,1,95.0,172
380,Activity 1 Final Report,2,95.0,172
381,Activity 1 Final Report,3,95.0,172
382,Activity 1 Final Report,4,95.0,172
383,BAT Condition 1 Test Report,1,96.0,173
384,BAT Condition 1 Test Report,2,96.0,173
385,BAT Condition 1 Test Report,3,96.0,173
386,BAT Condition 1 Test Report,4,96.0,173
387,Activity 1 Final Report,1,91.0,174
388,Activity 1 Final Report,2,91.0,174
389,Activity 1 Final Report,3,91.0,174
390,Activity 1 Final Report,4,91.0,174
391,BAT Condition 1 Test Report,1,85.0,175
392,BAT Condition 1 Test Report,2,85.0,175
393,BAT Condition 1 Test Report,3,85.0,175
394,Activity 1 Final Report,1,86.0,176
395,Activity 1 Final Report,2,86.0,176
396,Activity 1 Final Report,3,86.0,176
397,Activity 1 Final Report,4,86.0,176
398,Activity 1 Final Report,1,87.0,177
399,Activity 1 Final Report,2,87.0,177
400,Activity 1 Final Report,3,87.0,177
401,Activity 1 Final Report,4,87.0,177
402,BAT Condition 1 Test Report,1,248.0,178
403,BAT Condition 1 Test Report,1,250.0,179
404,BAT Condition 1 Test Report,1,252.0,180
405,Activity 1 Final Report,1,97.0,181
406,Activity 1 Final Report,2,97.0,181
407,Activity 1 Final Report,3,97.0,181
408,Activity 1 Final Report,4,97.0,181
413,Activity 1 Final Report,1,31.0,183
414,Activity 1 Final Report,2,31.0,183
415,Activity 1 Final Report,3,31.0,183
416,Activity 1 Final Report,4,31.0,183
417,Activity 1 Final Report,1,73.0,184
418,Activity 1 Final Report,2,73.0,184
419,Activity 1 Final Report,3,73.0,184
420,Activity 1 Final Report,4,73.0,184
421,Activity 1 Final Report,1,135.0,185
422,Activity 1 Final Report,2,135.0,185
423,Activity 1 Final Report,3,135.0,185
424,Activity 1 Final Report,4,135.0,185
425,Activity 1 Final Report,1,136.0,186
426,Activity 1 Final Report,2,136.0,186
427,Activity 1 Final Report,3,136.0,186
428,Activity 1 Final Report,4,136.0,186
429,Activity 1 Final Report,1,112.0,187
430,Activity 1 Final Report,2,112.0,187
431,Activity 1 Final Report,3,112.0,187
432,Activity 1 Final Report,4,112.0,187
433,Activity 1 Final Report,1,56.0,188
434,Activity 1 Final Report,2,56.0,188
435,Activity 1 Final Report,3,56.0,188
436,Activity 1 Final Report,4,56.0,188
437,BAT Condition 1 Test Report,1,276.0,189
438,BAT Condition 2 Test Report,1,277.0,190
439,BAT Condition 1 Test Report,1,,191
440,BAT Condition 2 Test Report,1,,192
441,BAT Condition 1 Test Report,1,,193
442,BAT Condition 2 Test Report,1,,194
443,BAT Condition 1 Test Report,1,261.0,195
448,Activity 1 Final Report,1,57.0,197
449,Activity 1 Final Report,2,57.0,197
450,Activity 1 Final Report,3,57.0,197
451,Activity 1 Final Report,4,57.0,197
452,BAT Condition 1 Test Report,1,255.0,198
453,BAT Condition 1 Test Report,1,256.0,199
454,BAT Condition 1 Test Report,1,262.0,200
455,BAT Condition 1 Test Report,1,263.0,201
456,BAT Condition 1 Test Report,1,264.0,202
457,BAT Condition 1 Test Report,1,265.0,203
458,BAT Condition 1 Test Report,1,271.0,204
459,BAT Condition 1 Test Report,1,272.0,205
473,BAT Condition 1 Test Report,1,236.0,215
474,BAT Condition 1 Test Report,1,219.0,216
475,BAT Condition 1 Test Report,1,245.0,217
476,BAT Condition 1 Test Report,1,243.0,218
477,BAT Condition 1 Test Report,1,242.0,219
478,BAT Condition 1 Test Report,2,242.0,219
479,BAT Condition 1 Test Report,1,234.0,220
480,BAT Condition 1 Test Report,1,220.0,221
481,BAT Condition 1 Test Report,1,221.0,222
482,BAT Condition 1 Test Report,1,247.0,223
491,Activity 1 Final Report,1,,226
492,Activity 1 Final Report,2,,226
493,Activity 1 Final Report,3,,226
494,Activity 1 Final Report,4,,226
495,Activity 1 Final Report,1,125.0,227
496,Activity 1 Final Report,2,125.0,227
497,Activity 1 Final Report,3,125.0,227
498,Activity 1 Final Report,4,125.0,227
499,BAT Condition 1 Test Report,1,146.0,228
500,BAT Condition 1 Test Report,2,146.0,228
501,BAT Condition 1 Test Report,1,273.0,229
503,BAT Condition 1 Test Report,1,,231
504,BAT Condition 2 Test Report,1,,232
507,BAT Condition 1 Test Report,1,,235
508,BAT Condition 2 Test Report,1,,236
509,BAT Condition 1 Test Report,1,,237
510,BAT Condition 2 Test Report,1,,238
511,BAT Condition 1 Test Report,1,279.0,239
512,BAT Condition 1 Test Report,1,280.0,240
513,BAT Condition 1 Test Report,1,281.0,241
514,BAT Condition 1 Test Report,1,282.0,242
515,BAT Condition 1 Test Report,1,284.0,243
517,BAT Condition 1 Test Report,1,,245
518,BAT Condition 2 Test Report,1,,246
519,BAT Condition 1 Test Report,1,,247
520,BAT Condition 2 Test Report,1,,248
521,BAT Condition 1 Test Report,1,286.0,249
522,BAT Condition 1 Test Report,1,288.0,250
523,BAT Condition 1 Test Report,1,289.0,251
524,BAT Condition 1 Test Report,1,287.0,252
525,BAT Condition 1 Test Report,1,291.0,253
526,BAT Condition 1 Test Report,1,290.0,254
527,BAT Condition 1 Test Report,1,,255
528,BAT Condition 1 Test Report,1,293.0,256
529,BAT Condition 1 Test Report,1,294.0,257
530,BAT Condition 1 Test Report,1,295.0,258
531,BAT Condition 1 Test Report,1,296.0,259
532,BAT Condition 1 Test Report,1,297.0,260
533,Condition 1 Test Report,1,312.0,261
534,Condition 1 Test Report,2,312.0,261
535,Condition 1 Test Report,3,312.0,261
536,Condition 1 Test Report,4,312.0,261
537,BAT Condition 1 Test Report,1,298.0,262
538,Condition 1 Test Report,1,,263
539,Condition 1 Test Report,2,,263
540,Condition 1 Test Report,1,,264
541,Condition 1 Test Report,2,,264
542,Condition 1 Test Report,1,304.0,265
543,Condition 1 Test Report,2,304.0,265
544,Condition 1 Test Report,3,304.0,265
545,Condition 1 Test Report,4,304.0,265
546,Condition 1 Test Report,1,305.0,266
547,Condition 1 Test Report,2,305.0,266
548,Condition 1 Test Report,3,305.0,266
549,Condition 1 Test Report,4,305.0,266
550,Condition 1 Test Report,1,,267
551,Condition 1 Test Report,2,,267
552,BAT Condition 1 Test Report,1,324.0,268
553,BAT Condition 1 Test Report,1,306.0,269
554,BAT Condition 2 Test Report,1,307.0,270
555,BAT Condition 2 Test Report,2,307.0,270
557,BAT Condition 2 Test Report,1,274.0,272
558,BAT Condition 1 Test Report,1,,273
559,BAT Condition 2 Test Report,1,,274
561,BAT Condition 2 Test Report,1,285.0,276
564,Condition 1 Test Report,1,308.0,278
565,Condition 1 Test Report,2,308.0,278
566,Condition 1 Test Report,3,308.0,278
567,Condition 1 Test Report,4,308.0,278
568,Condition 1 Test Report,1,309.0,279
569,Condition 1 Test Report,2,309.0,279
570,Condition 1 Test Report,3,309.0,279
571,Condition 1 Test Report,4,309.0,279
576,Condition 1 Test Report,1,302.0,282
577,Condition 1 Test Report,2,302.0,282
578,Condition 1 Test Report,3,302.0,282
579,Condition 1 Test Report,4,302.0,282
580,Condition 2 Test Report,1,303.0,283
581,Condition 2 Test Report,2,303.0,283
582,Condition 2 Test Report,3,303.0,283
583,Condition 2 Test Report,4,303.0,283
584,Condition 1 Test Report,1,310.0,284
585,Condition 1 Test Report,2,310.0,284
586,Condition 1 Test Report,3,310.0,284
587,Condition 1 Test Report,4,310.0,284
588,Condition 1 Test Report,1,311.0,285
589,Condition 1 Test Report,2,311.0,285
590,Condition 1 Test Report,3,311.0,285
591,Condition 1 Test Report,4,311.0,285
592,BAT Condition 1 Test Report,1,313.0,286
593,Condition 1 Test Report,1,314.0,287
594,Condition 1 Test Report,2,314.0,287
595,Condition 1 Test Report,3,314.0,287
596,Condition 1 Test Report,1,,288
597,Condition 1 Test Report,2,,288
598,Condition 1 Test Report,1,,289
599,Condition 1 Test Report,2,,289
600,Condition 1 Test Report,1,,290
601,Condition 1 Test Report,2,,290
606,Condition 1 Test Report,1,,292
607,Condition 1 Test Report,2,,292
608,Condition 1 Test Report,1,316.0,293
609,Condition 1 Test Report,2,316.0,293
610,Condition 1 Test Report,3,316.0,293
611,Condition 1 Test Report,4,316.0,293
612,Condition 1 Test Report,1,,294
613,Condition 1 Test Report,2,,294
614,Condition 1 Test Report,3,,294
615,Condition 1 Test Report,4,,294
616,Activity 1 Final Report,1,361.0,295
617,Activity 1 Final Report,2,361.0,295
618,Activity 1 Final Report,3,361.0,295
619,Activity 1 Final Report,4,361.0,295
620,Activity 1 Final Report,1,362.0,296
621,Activity 1 Final Report,2,362.0,296
622,Activity 1 Final Report,3,362.0,296
623,Activity 1 Final Report,4,362.0,296
624,Activity 1 Final Report,1,363.0,297
625,Activity 1 Final Report,2,363.0,297
626,Activity 1 Final Report,3,363.0,297
627,Activity 1 Final Report,4,363.0,297
628,Activity 1 Final Report,1,364.0,298
629,Activity 1 Final Report,2,364.0,298
630,Activity 1 Final Report,3,364.0,298
631,Activity 1 Final Report,4,364.0,298
632,Activity 1 Final Report,1,394.0,299
633,Activity 1 Final Report,2,394.0,299
634,Activity 1 Final Report,3,394.0,299
635,Activity 1 Final Report,4,394.0,299
636,Activity 1 Final Report,1,,300
637,Activity 1 Final Report,2,,300
638,Activity 1 Final Report,3,,300
639,Activity 1 Final Report,4,,300
640,Activity 1 Final Report,1,396.0,301
641,Activity 1 Final Report,2,396.0,301
642,Activity 1 Final Report,3,396.0,301
643,Activity 1 Final Report,4,396.0,301
644,Activity 1 Final Report,1,,302
645,Activity 1 Final Report,2,,302
646,Activity 1 Final Report,3,,302
647,Activity 1 Final Report,4,,302
648,Activity 1 Final Report,1,398.0,303
649,Activity 1 Final Report,2,398.0,303
650,Activity 1 Final Report,3,398.0,303
651,Activity 1 Final Report,4,398.0,303
652,Activity 1 Final Report,1,400.0,304
653,Activity 1 Final Report,2,400.0,304
654,Activity 1 Final Report,3,400.0,304
655,Activity 1 Final Report,4,400.0,304
656,Activity 1 Final Report,1,,305
657,Activity 1 Final Report,2,,305
658,Activity 1 Final Report,3,,305
659,Activity 1 Final Report,4,,305
660,Activity 1 Final Report,1,,306
661,Activity 1 Final Report,2,,306
662,Activity 1 Final Report,3,,306
663,Activity 1 Final Report,4,,306
664,Activity 1 Final Report,1,268.0,307
665,Activity 1 Final Report,2,268.0,307
666,Activity 1 Final Report,3,268.0,307
667,Activity 1 Final Report,4,268.0,307
668,Activity 1 Final Report,1,258.0,308
669,Activity 1 Final Report,2,258.0,308
670,Activity 1 Final Report,3,258.0,308
671,Activity 1 Final Report,4,258.0,308
672,Activity 1 Final Report,1,,309
673,Activity 1 Final Report,2,,309
674,Activity 1 Final Report,3,,309
675,Activity 1 Final Report,4,,309
676,Activity 1 Final Report,1,259.0,310
677,Activity 1 Final Report,2,259.0,310
678,Activity 1 Final Report,3,259.0,310
679,Activity 1 Final Report,4,259.0,310
680,Activity 1 Final Report,1,367.0,311
681,Activity 1 Final Report,2,367.0,311
682,Activity 1 Final Report,3,367.0,311
683,Activity 1 Final Report,4,367.0,311
684,Activity 1 Final Report,1,,312
685,Activity 1 Final Report,2,,312
686,Activity 1 Final Report,3,,312
687,Activity 1 Final Report,4,,312
688,Activity 1 Final Report,1,345.0,313
689,Activity 1 Final Report,2,345.0,313
690,Activity 1 Final Report,3,345.0,313
691,Activity 1 Final Report,4,345.0,313
692,Activity 1 Final Report,1,346.0,314
693,Activity 1 Final Report,2,346.0,314
694,Activity 1 Final Report,3,346.0,314
695,Activity 1 Final Report,4,346.0,314
696,Activity 1 Final Report,1,347.0,315
697,Activity 1 Final Report,2,347.0,315
698,Activity 1 Final Report,3,347.0,315
699,Activity 1 Final Report,4,347.0,315
700,Activity 1 Final Report,1,140.0,316
701,Activity 1 Final Report,2,140.0,316
702,Activity 1 Final Report,3,140.0,316
703,Activity 1 Final Report,4,140.0,316
704,Condition 1 Test Report,1,325.0,317
705,Condition 1 Test Report,2,325.0,317
706,Condition 1 Test Report,3,325.0,317
707,Condition 1 Test Report,4,325.0,317
708,Condition 1 Test Report,1,326.0,318
709,Condition 1 Test Report,2,326.0,318
710,Condition 1 Test Report,3,326.0,318
711,Condition 1 Test Report,4,326.0,318
712,Activity 1 Final Report,1,349.0,319
713,Activity 1 Final Report,2,349.0,319
714,Activity 1 Final Report,3,349.0,319
715,Activity 1 Final Report,4,349.0,319
716,Activity 1 Final Report,1,,320
717,Activity 1 Final Report,2,,320
718,Activity 1 Final Report,3,,320
719,Activity 1 Final Report,4,,320
720,Activity 1 Final Report,1,351.0,321
721,Activity 1 Final Report,2,351.0,321
722,Activity 1 Final Report,3,351.0,321
723,Activity 1 Final Report,4,351.0,321
724,Activity 1 Final Report,1,,322
725,Activity 1 Final Report,2,,322
726,Activity 1 Final Report,3,,322
727,Activity 1 Final Report,4,,322
728,Condition 1 Test Report,1,315.0,323
729,Condition 1 Test Report,2,315.0,323
730,Condition 1 Test Report,3,315.0,323
731,Condition 1 Test Report,4,315.0,323
732,Condition 1 Test Report,1,,324
733,Condition 1 Test Report,2,,324
734,Condition 1 Test Report,3,,324
735,Condition 1 Test Report,4,,324
736,Condition 1 Test Report,1,388.0,325
737,Condition 1 Test Report,2,388.0,325
738,Condition 1 Test Report,3,388.0,325
739,Condition 1 Test Report,4,388.0,325
740,Condition 1 Test Report,1,389.0,326
741,Condition 1 Test Report,2,389.0,326
742,Condition 1 Test Report,3,389.0,326
743,Condition 1 Test Report,4,389.0,326
744,Condition 1 Test Report,5,389.0,326
745,Condition 1 Test Report,6,389.0,326
746,Condition 1 Test Report,7,389.0,326
747,Condition 1 Test Report,1,390.0,327
748,Condition 1 Test Report,2,390.0,327
749,Condition 1 Test Report,3,390.0,327
750,Condition 1 Test Report,4,390.0,327
751,Condition 1 Test Report,1,391.0,328
752,Condition 1 Test Report,2,391.0,328
753,Condition 1 Test Report,3,391.0,328
754,Condition 1 Test Report,4,391.0,328
755,Condition 1 Test Report,5,391.0,328
756,Condition 1 Test Report,6,391.0,328
757,Condition 1 Test Report,7,391.0,328
758,Condition 1 Test Report,1,392.0,329
759,Condition 1 Test Report,2,392.0,329
760,Condition 1 Test Report,3,392.0,329
761,Condition 1 Test Report,4,392.0,329
762,Condition 1 Test Report,1,393.0,330
763,Condition 1 Test Report,2,393.0,330
764,Condition 1 Test Report,3,393.0,330
765,Condition 1 Test Report,4,393.0,330
766,Condition 1 Test Report,5,393.0,330
767,Condition 1 Test Report,6,393.0,330
768,Condition 1 Test Report,7,393.0,330
769,Condition 1 Test Report,1,318.0,331
770,Condition 1 Test Report,2,318.0,331
771,Condition 1 Test Report,3,318.0,331
772,Condition 1 Test Report,4,318.0,331
773,Condition 1 Test Report,1,321.0,332
774,Condition 1 Test Report,2,321.0,332
775,Condition 1 Test Report,3,321.0,332
776,Condition 1 Test Report,4,321.0,332
777,Condition 1 Test Report,1,322.0,333
778,Condition 1 Test Report,2,322.0,333
779,Condition 1 Test Report,3,322.0,333
780,Condition 1 Test Report,4,322.0,333
781,Condition 1 Test Report,1,423.0,334
782,Condition 1 Test Report,2,423.0,334
783,Condition 1 Test Report,3,423.0,334
784,Condition 1 Test Report,4,423.0,334
785,Condition 1 Test Report,1,424.0,335
786,Condition 1 Test Report,2,424.0,335
787,Condition 1 Test Report,3,424.0,335
788,Condition 1 Test Report,4,424.0,335
789,Condition 1 Test Report,5,424.0,335
790,Condition 1 Test Report,6,424.0,335
791,Condition 1 Test Report,7,424.0,335
792,Activity 1 Final Report,1,451.0,336
793,Activity 1 Final Report,2,451.0,336
794,Activity 1 Final Report,3,451.0,336
795,Activity 1 Final Report,4,451.0,336
796,Activity 1 Final Report,1,452.0,337
797,Activity 1 Final Report,2,452.0,337
798,Activity 1 Final Report,3,452.0,337
799,Activity 1 Final Report,4,452.0,337
800,Activity 1 Final Report,1,,338
801,Activity 1 Final Report,1,329.0,339
802,Activity 1 Final Report,2,329.0,339
803,Activity 1 Final Report,3,329.0,339
804,Activity 1 Final Report,4,329.0,339
805,Activity 1 Final Report,1,,340
806,Activity 1 Final Report,2,,340
807,Activity 1 Final Report,3,,340
808,Activity 1 Final Report,4,,340
809,Activity 1 Final Report,1,331.0,341
810,Activity 1 Final Report,2,331.0,341
811,Activity 1 Final Report,3,331.0,341
812,Activity 1 Final Report,4,331.0,341
813,Activity 1 Final Report,1,,342
814,Activity 1 Final Report,2,,342
815,Activity 1 Final Report,3,,342
816,Activity 1 Final Report,4,,342
817,Activity 1 Final Report,1,333.0,343
818,Activity 1 Final Report,2,333.0,343
819,Activity 1 Final Report,3,333.0,343
820,Activity 1 Final Report,4,333.0,343
821,Activity 1 Final Report,1,335.0,344
822,Activity 1 Final Report,2,335.0,344
823,Activity 1 Final Report,3,335.0,344
824,Activity 1 Final Report,4,335.0,344
825,Activity 1 Final Report,1,337.0,345
826,Activity 1 Final Report,2,337.0,345
827,Activity 1 Final Report,3,337.0,345
828,Activity 1 Final Report,4,337.0,345
829,Activity 1 Final Report,1,,346
830,Activity 1 Final Report,2,,346
831,Activity 1 Final Report,3,,346
832,Activity 1 Final Report,4,,346
833,Activity 1 Final Report,1,339.0,347
834,Activity 1 Final Report,1,341.0,348
835,Activity 1 Final Report,2,341.0,348
836,Activity 1 Final Report,3,341.0,348
837,Activity 1 Final Report,1,343.0,349
838,Activity 1 Final Report,2,343.0,349
839,Activity 1 Final Report,3,343.0,349
840,Activity 1 Final Report,4,343.0,349
841,Activity 1 Final Report,1,383.0,350
842,Activity 1 Final Report,2,383.0,350
843,Activity 1 Final Report,3,383.0,350
844,Activity 1 Final Report,4,383.0,350
845,Activity 1 Final Report,1,,351
846,Activity 1 Final Report,2,,351
847,Activity 1 Final Report,3,,351
848,Activity 1 Final Report,4,,351
849,Activity 1 Final Report,1,385.0,352
850,Activity 1 Final Report,2,385.0,352
851,Activity 1 Final Report,3,385.0,352
852,Activity 1 Final Report,4,385.0,352
853,Activity 1 Final Report,1,369.0,353
854,Activity 1 Final Report,2,369.0,353
855,Activity 1 Final Report,3,369.0,353
856,Activity 1 Final Report,4,369.0,353
857,Activity 1 Final Report,1,371.0,354
858,Activity 1 Final Report,2,371.0,354
859,Activity 1 Final Report,3,371.0,354
860,Activity 1 Final Report,4,371.0,354
861,Activity 1 Final Report,1,373.0,355
862,Activity 1 Final Report,2,373.0,355
863,Activity 1 Final Report,3,373.0,355
864,Activity 1 Final Report,4,373.0,355
865,Activity 1 Final Report,1,402.0,356
866,Activity 1 Final Report,2,402.0,356
867,Activity 1 Final Report,3,402.0,356
868,Activity 1 Final Report,4,402.0,356
869,Activity 1 Final Report,1,,357
870,Activity 1 Final Report,2,,357
871,Activity 1 Final Report,3,,357
872,Activity 1 Final Report,4,,357
873,Activity 1 Final Report,1,404.0,358
874,Activity 1 Final Report,2,404.0,358
875,Activity 1 Final Report,1,406.0,359
876,Activity 1 Final Report,2,406.0,359
877,Activity 1 Final Report,3,406.0,359
878,Activity 1 Final Report,4,406.0,359
879,Activity 1 Final Report,1,408.0,360
880,Activity 1 Final Report,2,408.0,360
881,Activity 1 Final Report,3,408.0,360
882,Activity 1 Final Report,4,408.0,360
883,Condition 1 Test Report,1,323.0,361
884,Condition 1 Test Report,2,323.0,361
885,Condition 1 Test Report,3,323.0,361
886,Condition 1 Test Report,4,323.0,361
887,Condition 1 Test Report,1,410.0,362
888,Condition 1 Test Report,2,410.0,362
889,Condition 1 Test Report,3,410.0,362
890,Condition 1 Test Report,4,410.0,362
891,Condition 1 Test Report,1,365.0,363
892,Condition 1 Test Report,2,365.0,363
893,Condition 1 Test Report,3,365.0,363
894,Condition 1 Test Report,4,365.0,363
895,Condition 1 Test Report,1,328.0,364
896,Condition 1 Test Report,2,328.0,364
897,Condition 1 Test Report,3,328.0,364
898,Condition 1 Test Report,4,328.0,364
899,Condition 1 Test Report,1,509.0,365
900,Condition 1 Test Report,2,509.0,365
901,Condition 1 Test Report,3,509.0,365
902,Condition 1 Test Report,4,509.0,365
903,Condition 1 Test Report,1,380.0,366
904,Condition 1 Test Report,2,380.0,366
905,Condition 1 Test Report,3,380.0,366
906,Condition 1 Test Report,4,380.0,366
907,Condition 1 Test Report,1,454.0,367
908,Condition 1 Test Report,2,454.0,367
909,Condition 1 Test Report,3,454.0,367
910,Condition 1 Test Report,4,454.0,367
911,Activity 1 Final Report,1,710.0,368
912,Activity 1 Final Report,2,710.0,368
913,Activity 1 Final Report,3,710.0,368
914,Activity 1 Final Report,4,710.0,368
915,Activity 1 Final Report,1,,369
916,Activity 1 Final Report,2,,369
917,Activity 1 Final Report,3,,369
918,Activity 1 Final Report,4,,369
919,Activity 1 Final Report,1,,370
920,Activity 1 Final Report,2,,370
921,Activity 1 Final Report,3,,370
922,Activity 1 Final Report,4,,370
923,Activity 1 Final Report,1,713.0,371
924,Activity 1 Final Report,2,713.0,371
925,Activity 1 Final Report,3,713.0,371
926,Activity 1 Final Report,4,713.0,371
927,Condition 1 Test Report,1,418.0,372
928,Condition 1 Test Report,2,418.0,372
929,Condition 1 Test Report,3,418.0,372
930,Condition 1 Test Report,4,418.0,372
931,Condition 1 Test Report,1,379.0,373
932,Condition 1 Test Report,2,379.0,373
933,Condition 1 Test Report,3,379.0,373
934,Condition 1 Test Report,4,379.0,373
935,Condition 1 Test Report,1,796.0,374
936,Condition 1 Test Report,2,796.0,374
937,Condition 1 Test Report,3,796.0,374
938,Condition 1 Test Report,4,796.0,374
939,Condition 1 Test Report,1,,375
940,Condition 1 Test Report,2,,375
941,Condition 1 Test Report,3,,375
942,Condition 1 Test Report,4,,375
943,Condition 1 Test Report,1,,376
944,Condition 1 Test Report,2,,376
945,Condition 1 Test Report,3,,376
946,Condition 1 Test Report,4,,376
947,Condition 2 Test Report,1,,377
948,Condition 2 Test Report,2,,377
949,Condition 2 Test Report,3,,377
950,Condition 2 Test Report,4,,377
951,Condition 1 Test Report,1,765.0,378
952,Condition 1 Test Report,2,765.0,378
953,Condition 1 Test Report,3,765.0,378
954,Condition 1 Test Report,4,765.0,378
955,Condition 2 Test Report,1,766.0,379
956,Condition 2 Test Report,2,766.0,379
957,Condition 2 Test Report,3,766.0,379
958,Condition 2 Test Report,4,766.0,379
959,Condition 1 Test Report,1,,380
960,Condition 1 Test Report,2,,380
961,Condition 1 Test Report,3,,380
962,Condition 1 Test Report,4,,380
963,Condition 2 Test Report,1,,381
964,Condition 2 Test Report,2,,381
965,Condition 2 Test Report,3,,381
966,Condition 2 Test Report,4,,381
967,Condition 1 Test Report,1,381.0,382
968,Condition 1 Test Report,2,381.0,382
969,Condition 1 Test Report,3,381.0,382
970,Condition 1 Test Report,4,381.0,382
971,Activity 1 Final Report,1,445.0,383
972,Activity 1 Final Report,2,445.0,383
975,Condition 1 Test Report,1,468.0,385
976,Condition 1 Test Report,2,468.0,385
977,Condition 1 Test Report,3,468.0,385
978,Condition 1 Test Report,4,468.0,385
